id,cd_estab,nm_ab_cliente,nr_nota_fis,dt_saida,hr_grade,cd_produto,un_embalagem,qt_embalagem,qt_pilha,qt_carregada,qt_falta,id_motivo,qt_pallet,vl_base_multa,vl_multa,usr_atlz_id,base_id,dt_atlz
1,JAG,FFJDI,20360,,16:00,503500063,CX,40,0/40,0,0,,0,0,0,1,1,2016-10-30 16:04:30
2,JAG,FFJDI,20361,,11:00,503500063,CX,40,0/40,0,0,,0,0,0,1,2,2016-10-30 16:04:30
3,JAG,FFJDI,20377,,4:00,503500063,CX,52,0/52,0,0,,0,0,0,1,3,2016-10-30 16:04:30
4,JAG,FFJDI,20378,,11:00,503500063,CX,36,0/36,0,0,,0,0,0,1,4,2016-10-30 16:04:30
5,JAG,FFJDI,20389,,4:00,503500063,CX,28,0/28,0,0,,0,0,0,1,5,2016-10-30 16:04:30
6,JAG,FFJDI,20390,,11:00,503500063,CX,32,0/32,0,0,,0,0,0,1,6,2016-10-30 16:04:30
7,JAG,FFJDI,20406,,4:00,503500063,CX,28,0/28,0,0,,0,0,0,1,7,2016-10-30 16:04:30
8,JAG,FFJDI,20404,,11:00,503500063,CX,44,0/44,0,0,,0,0,0,1,8,2016-10-30 16:04:30
9,JAG,FFJDI,20403,,22:00,503500063,CX,28,0/28,0,0,,0,0,0,1,9,2016-10-30 16:04:30
10,JAG,FFJDI,20405,,16:00,503500063,CX,60,0/60,0,0,,0,0,0,1,10,2016-10-30 16:04:30
11,JAG,CDJAC,20421,,19:00,563700001,CX,6,0/6,0,0,,0,0,0,1,12,2016-10-30 16:04:30
12,JAG,CDJAC,20421,,19:00,563700002,CX,20,0/20,0,0,,0,0,0,1,12,2016-10-30 16:04:30
13,JAG,JCBOB,20425,,1:00,503500077,CX,7,0/7,0,0,,0,0,0,1,15,2016-10-30 16:04:30
14,JAG,JCBOB,20425,,1:00,503500083,CX,175,0/175,0,0,,0,0,0,1,15,2016-10-30 16:04:30
15,JAG,JCBOB,20425,,1:00,503500107,CX,2,0/2,0,0,,0,0,0,1,15,2016-10-30 16:04:30
16,JAG,JUNDIÁ,20427,,17:00,503500103,CX,1,0/1,0,0,,0,0,0,1,17,2016-10-30 16:04:30
17,JAG,JUNDIÁ,20427,,17:00,503500027,CX,4,0/4,0,0,,0,0,0,1,17,2016-10-30 16:04:30
18,JAG,JUNDIÁ,20428,,17:00,503500143,CX,1,0/1,0,0,,0,0,0,1,24,2016-10-30 16:04:30
19,JAG,JUNDIÁ,20428,,17:00,503500103,CX,1,0/1,0,0,,0,0,0,1,24,2016-10-30 16:04:30
20,JAG,JUNDIÁ,20428,,17:00,503500093,CX,1,0/1,0,0,,0,0,0,1,24,2016-10-30 16:04:30
21,JAG,JUNDIÁ,20428,,17:00,503500105,CX,1,0/1,0,0,,0,0,0,1,24,2016-10-30 16:04:30
22,JAG,JUNDIÁ,20428,,17:00,503500027,CX,4,0/4,0,0,,0,0,0,1,24,2016-10-30 16:04:30
23,JAG,JUNDIÁ,20428,,17:00,503500017,CX,4,0/4,0,0,,0,0,0,1,24,2016-10-30 16:04:30
24,JAG,JUNDIÁ,20428,,17:00,503500023,CX,1,0/1,0,0,,0,0,0,1,24,2016-10-30 16:04:30
25,JAG,JCBOB,20426,,3:00,503500073,CX,7,0/7,0,0,,0,0,0,1,28,2016-10-30 16:04:30
26,JAG,JCBOB,20426,,3:00,503500077,CX,7,0/7,0,0,,0,0,0,1,28,2016-10-30 16:04:30
27,JAG,JCBOB,20426,,3:00,503500083,CX,175,0/175,0,0,,0,0,0,1,28,2016-10-30 16:04:30
28,JAG,JCBOB,20426,,3:00,503500107,CX,1,0/1,0,0,,0,0,0,1,28,2016-10-30 16:04:30
29,JAG,FFJDI,20423,,4:00,503500063,CX,20,0/20,0,0,,0,0,0,1,33,2016-10-30 16:04:30
30,JAG,FFJDI,20423,,4:00,503500064,CX,28,0/28,0,0,,0,0,0,1,33,2016-10-30 16:04:30
31,JAG,FFJDI,20423,,4:00,503500065,CX,20,0/20,0,0,,0,0,0,1,33,2016-10-30 16:04:30
32,JAG,FFJDI,20423,,4:00,503500066,CX,20,0/20,0,0,,0,0,0,1,33,2016-10-30 16:04:30
33,JAG,FFJDI,20423,,4:00,503500023,CX,4,0/4,0,0,,0,0,0,1,33,2016-10-30 16:04:30
34,JAG,FFJDI,20422,,11:00,503500063,CX,28,0/28,0,0,,0,0,0,1,38,2016-10-30 16:04:30
35,JAG,FFJDI,20422,,11:00,503500064,CX,20,0/20,0,0,,0,0,0,1,38,2016-10-30 16:04:30
36,JAG,FFJDI,20422,,11:00,503500065,CX,20,0/20,0,0,,0,0,0,1,38,2016-10-30 16:04:30
37,JAG,FFJDI,20422,,11:00,503500066,CX,16,0/16,0,0,,0,0,0,1,38,2016-10-30 16:04:30
38,JAG,FFJDI,20422,,11:00,503500023,CX,5,0/5,0,0,,0,0,0,1,38,2016-10-30 16:04:30
39,JAG,FFJDI,20424,,16:00,503500063,CX,76,0/76,0,0,,0,0,0,1,41,2016-10-30 16:04:30
40,JAG,FFJDI,20424,,16:00,503500064,CX,8,0/8,0,0,,0,0,0,1,41,2016-10-30 16:04:30
41,JAG,FFJDI,20424,,16:00,503500065,CX,20,0/20,0,0,,0,0,0,1,41,2016-10-30 16:04:30
42,JAG,CDJAC,20448,,21:00,563700001,CX,16,0/16,0,0,,0,0,0,1,43,2016-10-30 16:04:30
43,JAG,CDJAC,20448,,21:00,563700002,Tabela,10,0/10,0,0,,0,0,0,1,43,2016-10-30 16:04:30
44,JAG,SBWNE,20451,,19:00,563700001,CX,6,0/6,0,0,,0,0,0,1,45,2016-10-30 16:04:30
45,JAG,SBWNE,20451,,19:00,563700002,CX,20,0/20,0,0,,0,0,0,1,45,2016-10-30 16:04:30
46,JAG,FFJDI,20449,,4:00,503500063,CX,36,0/36,0,0,,0,0,0,1,50,2016-10-30 16:04:30
47,JAG,FFJDI,20449,,4:00,503500064,CX,20,0/20,0,0,,0,0,0,1,50,2016-10-30 16:04:30
48,JAG,FFJDI,20449,,4:00,503500065,CX,20,0/20,0,0,,0,0,0,1,50,2016-10-30 16:04:30
49,JAG,FFJDI,20449,,4:00,503500028,CX,8,0/8,0,0,,0,0,0,1,50,2016-10-30 16:04:30
50,JAG,FFJDI,20449,,4:00,503500023,CX,5,0/5,0,0,,0,0,0,1,50,2016-10-30 16:04:30
51,JAG,FFJDI,20450,,11:00,503500063,CX,20,0/20,0,0,,0,0,0,1,55,2016-10-30 16:04:30
52,JAG,FFJDI,20450,,11:00,503500064,CX,20,0/20,0,0,,0,0,0,1,55,2016-10-30 16:04:30
53,JAG,FFJDI,20450,,11:00,503500065,CX,20,0/20,0,0,,0,0,0,1,55,2016-10-30 16:04:30
54,JAG,FFJDI,20450,,11:00,503500028,CX,24,0/24,0,0,,0,0,0,1,55,2016-10-30 16:04:30
55,JAG,FFJDI,20450,,11:00,503500023,CX,5,0/5,0,0,,0,0,0,1,55,2016-10-30 16:04:30
56,JAG,CDJAC,20459,,19:00,563700001,CX,6,0/6,0,0,,0,0,0,1,57,2016-10-30 16:04:30
57,JAG,CDJAC,20459,,19:00,563700002,CX,20,0/20,0,0,,0,0,0,1,57,2016-10-30 16:04:30
58,JAG,SBWAY,20464,,21:00,563700001,CX,6,0/6,0,0,,0,0,0,1,59,2016-10-30 16:04:30
59,JAG,SBWAY,20464,,21:00,563700002,CX,20,0/20,0,0,,0,0,0,1,59,2016-10-30 16:04:30
60,JAG,CDGPA,20444,,15:00,503500186,CX,6,0/6,0,0,,0,0,0,1,63,2016-10-30 16:04:30
61,JAG,CDGPA,20444,,15:00,503500188,CX,6,0/6,0,0,,0,0,0,1,63,2016-10-30 16:04:30
62,JAG,CDGPA,20444,,15:00,503500185,CX,5,0/5,0,0,,0,0,0,1,63,2016-10-30 16:04:30
63,JAG,CDGPA,20444,,15:00,503500187,CX,6,0/6,0,0,,0,0,0,1,63,2016-10-30 16:04:30
64,JAG,CDGPA,20446,,0:00,503500182,CX,5,0/5,0,0,,0,0,0,1,64,2016-10-30 16:04:30
65,JAG,JCBOB,20463,,1:00,503500073,CX,21,0/21,0,0,,0,0,0,1,69,2016-10-30 16:04:30
66,JAG,JCBOB,20463,,1:00,503500077,CX,49,0/49,0,0,,0,0,0,1,69,2016-10-30 16:04:30
67,JAG,JCBOB,20463,,1:00,503500079,CX,14,0/14,0,0,,0,0,0,1,69,2016-10-30 16:04:30
68,JAG,JCBOB,20463,,1:00,503500071,CX,2,0/2,0,0,,0,0,0,1,69,2016-10-30 16:04:30
69,JAG,JCBOB,20463,,1:00,503500107,CX,14,0/14,0,0,,0,0,0,1,69,2016-10-30 16:04:30
70,JAG,FFJDI,20460,,4:00,503500063,CX,36,0/36,0,0,,0,0,0,1,73,2016-10-30 16:04:30
71,JAG,FFJDI,20460,,4:00,503500065,CX,20,0/20,0,0,,0,0,0,1,73,2016-10-30 16:04:30
72,JAG,FFJDI,20460,,4:00,503500028,CX,20,0/20,0,0,,0,0,0,1,73,2016-10-30 16:04:30
73,JAG,FFJDI,20460,,4:00,503500023,CX,7,0/7,0,0,,0,0,0,1,73,2016-10-30 16:04:30
74,JAG,WMART,20455,,5:00,503500138,CX,1,18/1,0,0,,0,0,0,1,80,2016-10-30 16:04:30
75,JAG,WMART,20455,,5:00,503500141,CX,1,30/1,0,0,,0,0,0,1,80,2016-10-30 16:04:30
76,JAG,WMART,20455,,5:00,503500142,CX,,42523/,0,0,,0,0,0,1,80,2016-10-30 16:04:30
77,JAG,WMART,20455,,5:00,503500136,CX,5,9/5,0,0,,0,0,0,1,80,2016-10-30 16:04:30
78,JAG,WMART,20455,,5:00,503500140,CX,2,21/2,0,0,,0,0,0,1,80,2016-10-30 16:04:30
79,JAG,WMART,20455,,5:00,503500139,CX,0,19/0,0,0,,0,0,0,1,80,2016-10-30 16:04:30
80,JAG,WMART,20455,,5:00,503500137,CX,2,23/2,0,0,,0,0,0,1,80,2016-10-30 16:04:30
81,JAG,FFJDI,20462,,11:00,503500063,CX,84,0/84,0,0,,0,0,0,1,82,2016-10-30 16:04:30
82,JAG,FFJDI,20462,,11:00,503500028,CX,20,0/20,0,0,,0,0,0,1,82,2016-10-30 16:04:30
83,JAG,FFJDI,20461,,16:00,503500064,CX,104,0/104,0,0,,0,0,0,1,83,2016-10-30 16:04:30
84,JAG,CDJAC,20473,,19:00,563700001,CX,6,0/6,0,0,,0,0,0,1,85,2016-10-30 16:04:30
85,JAG,CDJAC,20473,,19:00,563700002,CX,20,0/20,0,0,,0,0,0,1,85,2016-10-30 16:04:30
86,JAG,SBWRB,20480,,21:00,563700001,CX,6,0/6,0,0,,0,0,0,1,87,2016-10-30 16:04:30
87,JAG,SBWRB,20480,,21:00,563700002,CX,20,0/20,0,0,,0,0,0,1,87,2016-10-30 16:04:30
88,JAG,CR053,20474,,1:00,503500073,CX,21,0/21,0,0,,0,0,0,1,89,2016-10-30 16:04:30
89,JAG,CR053,20474,,1:00,503500077,CX,175,0/175,0,0,,0,0,0,1,89,2016-10-30 16:04:30
90,JAG,JCBOB,20478,,3:00,503500073,CX,35,0/35,0,0,,0,0,0,1,94,2016-10-30 16:04:30
91,JAG,JCBOB,20478,,3:00,503500077,CX,28,0/28,0,0,,0,0,0,1,94,2016-10-30 16:04:30
92,JAG,JCBOB,20478,,3:00,503500079,CX,21,0/21,0,0,,0,0,0,1,94,2016-10-30 16:04:30
93,JAG,JCBOB,20478,,3:00,503500071,CX,5,0/5,0,0,,0,0,0,1,94,2016-10-30 16:04:30
94,JAG,JCBOB,20478,,3:00,503500107,CX,11,0/11,0,0,,0,0,0,1,94,2016-10-30 16:04:30
95,JAG,FFJDI,20475,,16:00,503500063,CX,20,0/20,0,0,,0,0,0,1,99,2016-10-30 16:04:30
96,JAG,FFJDI,20475,,16:00,503500064,CX,20,0/20,0,0,,0,0,0,1,99,2016-10-30 16:04:30
97,JAG,FFJDI,20475,,16:00,503500065,CX,28,0/28,0,0,,0,0,0,1,99,2016-10-30 16:04:30
98,JAG,FFJDI,20475,,16:00,503500028,CX,20,0/20,0,0,,0,0,0,1,99,2016-10-30 16:04:30
99,JAG,FFJDI,20475,,16:00,503500023,CX,4,0/4,0,0,,0,0,0,1,99,2016-10-30 16:04:30
100,JAG,WALRS,20443,,5:00,503500138,CX,2,0/2,0,0,,0,0,0,1,106,2016-10-30 16:04:30
101,JAG,WALRS,20443,,5:00,503500141,CX,1,0/1,0,0,,0,0,0,1,106,2016-10-30 16:04:30
102,JAG,WALRS,20443,,5:00,503500142,CX,3,0/3,0,0,,0,0,0,1,106,2016-10-30 16:04:30
103,JAG,WALRS,20443,,5:00,503500136,CX,3,0/3,0,0,,0,0,0,1,106,2016-10-30 16:04:30
104,JAG,WALRS,20443,,5:00,503500140,CX,3,0/3,0,0,,0,0,0,1,106,2016-10-30 16:04:30
105,JAG,WALRS,20443,,5:00,503500137,CX,3,0/3,0,0,,0,0,0,1,106,2016-10-30 16:04:30
106,JAG,WALRS,20443,,5:00,503500139,CX,1,0/1,0,0,,0,0,0,1,106,2016-10-30 16:04:30
107,JAG,FFJDI,20476,,4:00,503500064,CX,60,0/60,0,0,,0,0,0,1,110,2016-10-30 16:04:30
108,JAG,FFJDI,20476,,4:00,503500028,CX,20,0/20,0,0,,0,0,0,1,110,2016-10-30 16:04:30
109,JAG,FFJDI,20476,,4:00,503500023,CX,1,0/1,0,0,,0,0,0,1,110,2016-10-30 16:04:30
110,JAG,FFJDI,20476,,4:00,503500063,CX,,/,0,0,,0,0,0,1,110,2016-10-30 16:04:30
111,JAG,CDGPA,20447,,15:00,503500183,CX,5,0/5,0,0,,0,0,0,1,111,2016-10-30 16:04:30
112,JAG,FFJDI,20477,,11:00,503500063,CX,68,0/68,0,0,,0,0,0,1,114,2016-10-30 16:04:30
113,JAG,FFJDI,20477,,11:00,503500064,CX,20,0/20,0,0,,0,0,0,1,114,2016-10-30 16:04:30
114,JAG,FFJDI,20477,,11:00,503500028,CX,16,0/16,0,0,,0,0,0,1,114,2016-10-30 16:04:30
115,JAG,SBWAY,20505,,19:00,563700001,CX,3,0/3,0,0,,0,0,0,1,116,2016-10-30 16:04:30
116,JAG,SBWAY,20505,,19:00,563700002,CX,10,0/10,0,0,,0,0,0,1,116,2016-10-30 16:04:30
117,JAG,SBWAY,20506,,21:00,563700001,CX,3,0/3,0,0,,0,0,0,1,118,2016-10-30 16:04:30
118,JAG,SBWAY,20506,,21:00,563700002,CX,10,0/10,0,0,,0,0,0,1,118,2016-10-30 16:04:30
119,JAG,BCDRB,20494,,1:00,503500073,CX,14,0/14,0,0,,0,0,0,1,123,2016-10-30 16:04:30
120,JAG,BCDRB,20494,,1:00,503500077,CX,98,0/98,0,0,,0,0,0,1,123,2016-10-30 16:04:30
121,JAG,BCDRB,20494,,1:00,503500083,CX,7,0/7,0,0,,0,0,0,1,123,2016-10-30 16:04:30
122,JAG,BCDRB,20494,,1:00,503500071,CX,4,0/4,0,0,,0,0,0,1,123,2016-10-30 16:04:30
123,JAG,BCDRB,20494,,1:00,503500107,CX,7,0/7,0,0,,0,0,0,1,123,2016-10-30 16:04:30
124,JAG,CDJAC,20496,,21:00,563700001,CX,6,0/6,0,0,,0,0,0,1,125,2016-10-30 16:04:30
125,JAG,CDJAC,20496,,21:00,563700002,CX,20,0/20,0,0,,0,0,0,1,125,2016-10-30 16:04:30
126,JAG,CR056,20497,,3:00,503500073,CX,28,0/28,0,0,,0,0,0,1,129,2016-10-30 16:04:30
127,JAG,CR056,20497,,3:00,503500077,CX,119,0/119,0,0,,0,0,0,1,129,2016-10-30 16:04:30
128,JAG,CR056,20497,,3:00,503500079,CX,14,0/14,0,0,,0,0,0,1,129,2016-10-30 16:04:30
129,JAG,CR056,20497,,3:00,503500071,CX,5,0/5,0,0,,0,0,0,1,129,2016-10-30 16:04:30
130,JAG,WALPR,20489,,5:00,503500138,CX,2,0/2,0,0,,0,0,0,1,136,2016-10-30 16:04:30
131,JAG,WALPR,20489,,5:00,503500141,CX,1,0/1,0,0,,0,0,0,1,136,2016-10-30 16:04:30
132,JAG,WALPR,20489,,5:00,503500142,CX,2,0/2,0,0,,0,0,0,1,136,2016-10-30 16:04:30
133,JAG,WALPR,20489,,5:00,503500136,CX,1,0/1,0,0,,0,0,0,1,136,2016-10-30 16:04:30
134,JAG,WALPR,20489,,5:00,503500140,CX,1,0/1,0,0,,0,0,0,1,136,2016-10-30 16:04:30
135,JAG,WALPR,20489,,5:00,503500137,CX,2,0/2,0,0,,0,0,0,1,136,2016-10-30 16:04:30
136,JAG,WALPR,20489,,5:00,503500139,CX,1,0/1,0,0,,0,0,0,1,136,2016-10-30 16:04:30
137,JAG,FFJDI,20498,,4:00,503500064,CX,32,0/32,0,0,,0,0,0,1,141,2016-10-30 16:04:30
138,JAG,FFJDI,20498,,4:00,503500065,CX,20,0/20,0,0,,0,0,0,1,141,2016-10-30 16:04:30
139,JAG,FFJDI,20498,,4:00,503500066,CX,20,0/20,0,0,,0,0,0,1,141,2016-10-30 16:04:30
140,JAG,FFJDI,20498,,4:00,503500028,CX,20,0/20,0,0,,0,0,0,1,141,2016-10-30 16:04:30
141,JAG,FFJDI,20498,,4:00,503500023,CX,3,0/3,0,0,,0,0,0,1,141,2016-10-30 16:04:30
142,JAG,FFJDI,20499,,22:00,503500063,CX,32,0/32,0,0,,0,0,0,1,145,2016-10-30 16:04:30
143,JAG,FFJDI,20499,,22:00,503500065,CX,16,0/16,0,0,,0,0,0,1,145,2016-10-30 16:04:30
144,JAG,FFJDI,20499,,22:00,503500028,CX,40,0/40,0,0,,0,0,0,1,145,2016-10-30 16:04:30
145,JAG,FFJDI,20499,,22:00,503500023,CX,4,0/4,0,0,,0,0,0,1,145,2016-10-30 16:04:30
146,JAG,FFJDI,20500,,11:00,503500063,CX,104,0/104,0,0,,0,0,0,1,146,2016-10-30 16:04:30
147,JAG,JDITA,20502,,17:00,503500045,CX,4,0/4,0,0,,0,0,0,1,147,2016-10-30 16:04:30
148,JAG,FFJDI,20501,,16:00,503500064,CX,104,0/104,0,0,,0,0,0,1,148,2016-10-30 16:04:30
149,JAG,PREZUNIC,20479,,14:00:00,503500143,CX,2,0/2,2,0,,0,0,0,1,154,2016-10-30 16:04:30
150,JAG,PREZUNIC,20479,,14:00:00,503500146,CX,3,0/3,3,0,,0,0,0,1,154,2016-10-30 16:04:30
151,JAG,PREZUNIC,20479,,14:00,503500149,CX,6,0/6,0,0,,0,0,0,1,154,2016-10-30 16:04:30
152,JAG,PREZUNIC,20479,,14:00,503500147,CX,3,0/3,0,0,,0,0,0,1,154,2016-10-30 16:04:30
153,JAG,PREZUNIC,20479,,14:00,503500145,CX,10,0/10,0,0,,0,0,0,1,154,2016-10-30 16:04:30
154,JAG,PREZUNIC,20479,,14:00,503500148,CX,4,0/4,0,0,,0,0,0,1,154,2016-10-30 16:04:30
155,JAG,CDJAC,20520,,19:00,563700001,CX,6,0/6,0,0,,0,0,0,1,156,2016-10-30 16:04:30
156,JAG,CDJAC,20520,,19:00,563700002,CX,20,0/20,0,0,,0,0,0,1,156,2016-10-30 16:04:30
157,JAG,SBWRB,20526,,21:00,563700001,CX,8,0/8,0,0,,0,0,0,1,158,2016-10-30 16:04:30
158,JAG,SBWRB,20526,,21:00,563700002,CX,18,0/18,0,0,,0,0,0,1,158,2016-10-30 16:04:30
159,JAG,JCBOB,20525,,1:00,503500073,CX,21,0/21,0,0,,0,0,0,1,161,2016-10-30 16:04:30
160,JAG,JCBOB,20525,,1:00,503500077,CX,119,0/119,0,0,,0,0,0,1,161,2016-10-30 16:04:30
161,JAG,JCBOB,20525,,1:00,503500071,CX,8,0/8,0,0,,0,0,0,1,161,2016-10-30 16:04:30
162,JAG,BCDRB,20538,,3:00,503500073,CX,14,0/14,0,0,,0,0,0,1,165,2016-10-30 16:04:30
163,JAG,BCDRB,20538,,3:00,503500077,CX,85,0/85,0,0,,0,0,0,1,165,2016-10-30 16:04:30
164,JAG,BCDRB,20538,,3:00,503500071,CX,5,30/5,0,0,,0,0,0,1,165,2016-10-30 16:04:30
165,JAG,BCDRB,20538,,3:00,503500107,CX,8,0/8,0,0,,0,0,0,1,165,2016-10-30 16:04:30
166,JAG,FFJDI,20521,,11:00,503500063,CX,20,0/20,0,0,,0,0,0,1,170,2016-10-30 16:04:30
167,JAG,FFJDI,20521,,11:00,503500065,CX,20,0/20,0,0,,0,0,0,1,170,2016-10-30 16:04:30
168,JAG,FFJDI,20521,,11:00,503500066,CX,16,0/16,0,0,,0,0,0,1,170,2016-10-30 16:04:30
169,JAG,FFJDI,20521,,11:00,503500028,CX,28,0/28,0,0,,0,0,0,1,170,2016-10-30 16:04:30
170,JAG,FFJDI,20521,,11:00,503500023,CX,20,0/20,0,0,,0,0,0,1,170,2016-10-30 16:04:30
171,JAG,FFJDI,20522,,22:00,503500063,CX,104,0/104,0,0,,0,0,0,1,171,2016-10-30 16:04:30
172,JAG,FFJDI,20523,,4:00,503500064,CX,104,0/104,0,0,,0,0,0,1,172,2016-10-30 16:04:30
173,JAG,FFJDI,20524,,16:00,503500064,CX,28,0/28,0,0,,0,0,0,1,177,2016-10-30 16:04:30
174,JAG,FFJDI,20524,,16:00,503500065,CX,24,0/24,0,0,,0,0,0,1,177,2016-10-30 16:04:30
175,JAG,FFJDI,20524,,16:00,503500066,CX,4,0/4,0,0,,0,0,0,1,177,2016-10-30 16:04:30
176,JAG,FFJDI,20524,,16:00,503500028,CX,28,0/28,0,0,,0,0,0,1,177,2016-10-30 16:04:30
177,JAG,FFJDI,20524,,16:00,503500023,CX,20,0/20,0,0,,0,0,0,1,177,2016-10-30 16:04:30
178,JAG,CDJAC,20542,,19:00,563700001,CX,6,0/6,0,0,,0,0,0,1,179,2016-10-30 16:04:30
179,JAG,CDJAC,20542,,19:00,563700002,CX,20,0/20,0,0,,0,0,0,1,179,2016-10-30 16:04:30
180,JAG,CDJAC,20543,,21:00,563700001,CX,6,0/6,0,0,,0,0,0,1,181,2016-10-30 16:04:30
181,JAG,CDJAC,20543,,21:00,563700002,CX,20,0/20,0,0,,0,0,0,1,181,2016-10-30 16:04:30
182,JAG,CR053,20544,,1:00,503500073,CX,7,0/7,0,0,,0,0,0,1,184,2016-10-30 16:04:30
183,JAG,CR053,20544,,1:00,503500077,CX,168,0/168,0,0,,0,0,0,1,184,2016-10-30 16:04:30
184,JAG,CR053,20544,,1:00,503500071,CX,3,0/3,0,0,,0,0,0,1,184,2016-10-30 16:04:30
185,JAG,WMART,20548,,5:00,503500138,CX,1,35/1,0,0,,0,0,0,1,192,2016-10-30 16:04:30
186,JAG,WMART,20548,,5:00,503500135,CX,0,33/0,0,0,,0,0,0,1,192,2016-10-30 16:04:30
187,JAG,WMART,20548,,5:00,503500141,CX,2,7/2,0,0,,0,0,0,1,192,2016-10-30 16:04:30
188,JAG,WMART,20548,,5:00,503500142,CX,2,16/2,0,0,,0,0,0,1,192,2016-10-30 16:04:30
189,JAG,WMART,20548,,5:00,503500136,CX,4,28/4,0,0,,0,0,0,1,192,2016-10-30 16:04:30
190,JAG,WMART,20548,,5:00,503500140,CX,3,19/3,0,0,,0,0,0,1,192,2016-10-30 16:04:30
191,JAG,WMART,20548,,5:00,503500137,CX,2,10/2,0,0,,0,0,0,1,192,2016-10-30 16:04:30
192,JAG,WMART,20548,,5:00,503500139,CX,0,17/0,0,0,,0,0,0,1,192,2016-10-30 16:04:30
193,JAG,CCONF,20541,,10:00,503500103,CX,1,0/1,0,0,,0,0,0,1,200,2016-10-30 16:04:30
194,JAG,CCONF,20541,,10:00,503500111,CX,12,0/12,0,0,,0,0,0,1,200,2016-10-30 16:04:30
195,JAG,CCONF,20541,,10:00,503500145,CX,1,0/1,0,0,,0,0,0,1,200,2016-10-30 16:04:30
196,JAG,CCONF,20541,,10:00,503500105,CX,4,0/4,0,0,,0,0,0,1,200,2016-10-30 16:04:30
197,JAG,CCONF,20541,,10:00,503500093,CX,2,0/2,0,0,,0,0,0,1,200,2016-10-30 16:04:30
198,JAG,CCONF,20541,,10:00,503500046,CX,4,0/4,0,0,,0,0,0,1,200,2016-10-30 16:04:30
199,JAG,CCONF,20541,,10:00,503500027,CX,4,0/4,0,0,,0,0,0,1,200,2016-10-30 16:04:30
200,JAG,CCONF,20541,,10:00,503500045,CX,12,0/12,0,0,,0,0,0,1,200,2016-10-30 16:04:30
201,JAG,WMART,20539,,5:00,503500099,CX,2,15/2,0,0,,0,0,0,1,206,2016-10-30 16:04:30
202,JAG,WMART,20539,,5:00,503500092,CX,2,0/2,0,0,,0,0,0,1,206,2016-10-30 16:04:30
203,JAG,WMART,20539,,5:00,503500096,CX,2,20/2,0,0,,0,0,0,1,206,2016-10-30 16:04:30
204,JAG,WMART,20539,,5:00,503500101,CX,2,0/2,0,0,,0,0,0,1,206,2016-10-30 16:04:30
205,JAG,WMART,20539,,5:00,503500098,CX,2,28/2,0,0,,0,0,0,1,206,2016-10-30 16:04:30
206,JAG,WMART,20539,,5:00,503500093,CX,3,0/3,0,0,,0,0,0,1,206,2016-10-30 16:04:30
207,JAG,FFJDI,20545,,4:00,503500063,CX,16,0/16,0,0,,0,0,0,1,211,2016-10-30 16:04:30
208,JAG,FFJDI,20545,,4:00,503500064,CX,56,0/56,0,0,,0,0,0,1,211,2016-10-30 16:04:30
209,JAG,FFJDI,20545,,4:00,503500065,CX,12,0/12,0,0,,0,0,0,1,211,2016-10-30 16:04:30
210,JAG,FFJDI,20545,,4:00,503500066,CX,8,0/8,0,0,,0,0,0,1,211,2016-10-30 16:04:30
211,JAG,FFJDI,20545,,4:00,503500023,CX,12,0/12,0,0,,0,0,0,1,211,2016-10-30 16:04:30
212,JAG,FFJDI,20546,,11:00,503500064,CX,84,0/84,0,0,,0,0,0,1,214,2016-10-30 16:04:30
213,JAG,FFJDI,20546,,11:00,503500065,CX,4,0/4,0,0,,0,0,0,1,214,2016-10-30 16:04:30
214,JAG,FFJDI,20546,,11:00,503500023,CX,16,0/16,0,0,,0,0,0,1,214,2016-10-30 16:04:30
215,JAG,FFJDI,20547,,16:00,503500063,CX,8,0/8,0,0,,0,0,0,1,218,2016-10-30 16:04:30
216,JAG,FFJDI,20547,,16:00,503500064,CX,76,0/76,0,0,,0,0,0,1,218,2016-10-30 16:04:30
217,JAG,FFJDI,20547,,16:00,503500065,CX,4,0/4,0,0,,0,0,0,1,218,2016-10-30 16:04:30
218,JAG,FFJDI,20547,,16:00,503500028,CX,16,0/16,0,0,,0,0,0,1,218,2016-10-30 16:04:30
219,JAG,CDJAC,20561,,19:00,563700001,CX,22,0/22,0,0,,0,0,0,1,220,2016-10-30 16:04:30
220,JAG,CDJAC,20561,,19:00,563700002,CX,4,0/4,0,0,,0,0,0,1,220,2016-10-30 16:04:30
221,JAG,FFJDI,20563,,4:00,503500063,CX,20,0/20,0,0,,0,0,0,1,224,2016-10-30 16:04:30
222,JAG,FFJDI,20563,,4:00,503500064,CX,68,0/68,0,0,,0,0,0,1,224,2016-10-30 16:04:30
223,JAG,FFJDI,20563,,4:00,503500065,CX,8,0/8,0,0,,0,0,0,1,224,2016-10-30 16:04:30
224,JAG,FFJDI,20563,,4:00,503500023,CX,8,0/8,0,0,,0,0,0,1,224,2016-10-30 16:04:30
225,JAG,FFJDI,20562,,22:00,503500063,CX,20,0/20,0,0,,0,0,0,1,228,2016-10-30 16:04:30
226,JAG,FFJDI,20562,,22:00,503500064,CX,60,0/60,0,0,,0,0,0,1,228,2016-10-30 16:04:30
227,JAG,FFJDI,20562,,22:00,503500065,CX,12,0/12,0,0,,0,0,0,1,228,2016-10-30 16:04:30
228,JAG,FFJDI,20562,,22:00,503500023,CX,12,0/12,0,0,,0,0,0,1,228,2016-10-30 16:04:30
229,JAG,FFJDI,20568,,16:00,503500063,CX,40,0/40,0,0,,0,0,0,1,232,2016-10-30 16:04:30
230,JAG,FFJDI,20568,,16:00,503500064,CX,36,0/36,0,0,,0,0,0,1,232,2016-10-30 16:04:30
231,JAG,FFJDI,20568,,16:00,503500065,CX,20,0/20,0,0,,0,0,0,1,232,2016-10-30 16:04:30
232,JAG,FFJDI,20568,,16:00,503500023,CX,8,0/8,0,0,,0,0,0,1,232,2016-10-30 16:04:30
233,JAG,FFJDI,20569,,11:00,503500063,CX,80,0/80,0,0,,0,0,0,1,234,2016-10-30 16:04:30
234,JAG,FFJDI,20569,,11:00,503500064,CX,24,0/24,0,0,,0,0,0,1,234,2016-10-30 16:04:30
235,JAG,FFJDI,20570,,4:00,503500064,CX,104,0/104,0,0,,0,0,0,1,235,2016-10-30 16:04:30
236,JAG,FFJDI,20571,,22:00,503500064,CX,72,0/72,0,0,,0,0,0,1,238,2016-10-30 16:04:30
237,JAG,FFJDI,20571,,22:00,503500065,CX,20,0/20,0,0,,0,0,0,1,238,2016-10-30 16:04:30
238,JAG,FFJDI,20571,,22:00,503500023,CX,12,0/12,0,0,,0,0,0,1,238,2016-10-30 16:04:30
239,JAG,CR053,20566,,1:00,503500073,CX,21,0/21,0,0,,0,0,0,1,242,2016-10-30 16:04:30
240,JAG,CR053,20566,,1:00,503500077,CX,35,0/35,0,0,,0,0,0,1,242,2016-10-30 16:04:30
241,JAG,CR053,20566,,1:00,503500083,CX,77,0/77,0,0,,0,0,0,1,242,2016-10-30 16:04:30
242,JAG,CR053,20566,,1:00,503500071,CX,9,0/9,0,0,,0,0,0,1,242,2016-10-30 16:04:30
243,JAG,CR056,20567,,3:00,503500077,CX,168,0/168,0,0,,0,0,0,1,244,2016-10-30 16:04:30
244,JAG,CR056,20567,,3:00,503500071,CX,4,0/4,0,0,,0,0,0,1,244,2016-10-30 16:04:30
245,JAG,JCBOB,20572,,3:00,503500073,CX,14,0/14,0,0,,0,0,0,1,250,2016-10-30 16:04:30
246,JAG,JCBOB,20572,,3:00,503500077,CX,140,0/140,0,0,,0,0,0,1,250,2016-10-30 16:04:30
247,JAG,JCBOB,20572,,3:00,503500079,CX,7,0/7,0,0,,0,0,0,1,250,2016-10-30 16:04:30
248,JAG,JCBOB,20572,,3:00,503500083,CX,7,0/7,0,0,,0,0,0,1,250,2016-10-30 16:04:30
249,JAG,JCBOB,20572,,3:00,503500071,CX,2,0/2,0,0,,0,0,0,1,250,2016-10-30 16:04:30
250,JAG,JCBOB,20572,,3:00,503500107,CX,2,0/2,0,0,,0,0,0,1,250,2016-10-30 16:04:30
251,JAG,JCBOB,20573,,9:00,503500077,CX,189,0/189,0,0,,0,0,0,1,251,2016-10-30 16:04:30
252,JAG,SBWAY,20574,,21:00,563700001,CX,6,0/6,0,0,,0,0,0,1,253,2016-10-30 16:04:30
253,JAG,SBWAY,20574,,21:00,563700002,CX,20,0/20,0,0,,0,0,0,1,253,2016-10-30 16:04:30
254,JAG,SBWRB,20575,,23:00,563700001,CX,6,0/6,0,0,,0,0,0,1,255,2016-10-30 16:04:30
255,JAG,SBWRB,20575,,23:00,563700002,CX,20,0/20,0,0,,0,0,0,1,255,2016-10-30 16:04:30
256,JAG,CDGPA,20537,,3:00,503500151,CX,6,0/6,0,0,,0,0,0,1,258,2016-10-30 16:04:30
257,JAG,CDGPA,20537,,3:00,503500184,CX,5,0/5,0,0,,0,0,0,1,258,2016-10-30 16:04:30
258,JAG,CDGPA,20537,,3:00,503500150,CX,5,0/5,0,0,,0,0,0,1,258,2016-10-30 16:04:30
259,JAG,WALRS,20586,,5:00,503500138,CX,2,0/2,0,0,,0,0,0,1,265,2016-10-30 16:04:30
260,JAG,WALRS,20586,,5:00,503500141,CX,2,0/2,0,0,,0,0,0,1,265,2016-10-30 16:04:30
261,JAG,WALRS,20586,,5:00,503500142,CX,3,0/3,0,0,,0,0,0,1,265,2016-10-30 16:04:30
262,JAG,WALRS,20586,,5:00,503500136,CX,3,0/3,0,0,,0,0,0,1,265,2016-10-30 16:04:30
263,JAG,WALRS,20586,,5:00,503500140,CX,3,0/3,0,0,,0,0,0,1,265,2016-10-30 16:04:30
264,JAG,WALRS,20586,,5:00,503500137,CX,3,0/3,0,0,,0,0,0,1,265,2016-10-30 16:04:30
265,JAG,WALRS,20586,,5:00,503500139,CX,2,0/2,0,0,,0,0,0,1,265,2016-10-30 16:04:30
266,JAG,WALPR,20585,,5:00,503500138,CX,1,0/1,0,0,,0,0,0,1,272,2016-10-30 16:04:30
267,JAG,WALPR,20585,,5:00,503500141,CX,1,0/1,0,0,,0,0,0,1,272,2016-10-30 16:04:30
268,JAG,WALPR,20585,,5:00,503500142,CX,1,0/1,0,0,,0,0,0,1,272,2016-10-30 16:04:30
269,JAG,WALPR,20585,,5:00,503500136,CX,1,0/1,0,0,,0,0,0,1,272,2016-10-30 16:04:30
270,JAG,WALPR,20585,,5:00,503500140,CX,1,0/1,0,0,,0,0,0,1,272,2016-10-30 16:04:30
271,JAG,WALPR,20585,,5:00,503500137,CX,1,0/1,0,0,,0,0,0,1,272,2016-10-30 16:04:30
272,JAG,WALPR,20585,,5:00,503500139,CX,1,0/1,0,0,,0,0,0,1,272,2016-10-30 16:04:30
273,JAG,SBWRB,20593,,21:00,563700001,CX,6,0/6,0,0,,0,0,0,1,274,2016-10-30 16:04:30
274,JAG,SBWRB,20593,,21:00,563700002,CX,20,0/20,0,0,,0,0,0,1,274,2016-10-30 16:04:30
275,JAG,FFJDI,20587,,16:00,503500063,CX,32,0/32,0,0,,0,0,0,1,279,2016-10-30 16:04:30
276,JAG,FFJDI,20587,,16:00,503500064,CX,28,0/28,0,0,,0,0,0,1,279,2016-10-30 16:04:30
277,JAG,FFJDI,20587,,16:00,503500065,CX,12,0/12,0,0,,0,0,0,1,279,2016-10-30 16:04:30
278,JAG,FFJDI,20587,,16:00,503500028,CX,20,0/20,0,0,,0,0,0,1,279,2016-10-30 16:04:30
279,JAG,FFJDI,20587,,16:00,503500023,CX,12,0/12,0,0,,0,0,0,1,279,2016-10-30 16:04:30
280,JAG,FFJDI,20588,,4:00,503500063,CX,88,0/88,0,0,,0,0,0,1,281,2016-10-30 16:04:30
281,JAG,FFJDI,20588,,4:00,503500064,CX,16,0/16,0,0,,0,0,0,1,281,2016-10-30 16:04:30
282,JAG,PREZUNIC,20592,,14:00,503500143,CX,2,0/2,0,0,,0,0,0,1,287,2016-10-30 16:04:30
283,JAG,PREZUNIC,20592,,14:00,503500146,CX,3,0/3,0,0,,0,0,0,1,287,2016-10-30 16:04:30
284,JAG,PREZUNIC,20592,,14:00,503500147,CX,3,0/3,0,0,,0,0,0,1,287,2016-10-30 16:04:30
285,JAG,PREZUNIC,20592,,14:00,503500149,CX,6,0/6,0,0,,0,0,0,1,287,2016-10-30 16:04:30
286,JAG,PREZUNIC,20592,,14:00,503500145,CX,10,0/10,0,0,,0,0,0,1,287,2016-10-30 16:04:30
287,JAG,PREZUNIC,20592,,14:00,503500148,CX,4,0/4,0,0,,0,0,0,1,287,2016-10-30 16:04:30
288,JAG,JCBOB,20591,,1:00,503500073,CX,21,0/21,0,0,,0,0,0,1,293,2016-10-30 16:04:30
289,JAG,JCBOB,20591,,1:00,503500077,CX,63,0/63,0,0,,0,0,0,1,293,2016-10-30 16:04:30
290,JAG,JCBOB,20591,,1:00,503500079,CX,14,0/14,0,0,,0,0,0,1,293,2016-10-30 16:04:30
291,JAG,JCBOB,20591,,1:00,503500083,CX,21,0/21,0,0,,0,0,0,1,293,2016-10-30 16:04:30
292,JAG,JCBOB,20591,,1:00,503500071,CX,3,0/3,0,0,,0,0,0,1,293,2016-10-30 16:04:30
293,JAG,JCBOB,20591,,1:00,503500107,CX,8,0/8,0,0,,0,0,0,1,293,2016-10-30 16:04:30
294,JAG,CDJAC,20603,,19:00,563700001,CX,4,0/4,0,0,,0,0,0,1,295,2016-10-30 16:04:30
295,JAG,CDJAC,20603,,19:00,563700002,CX,22,0/22,0,0,,0,0,0,1,295,2016-10-30 16:04:30
296,JAG,SBWAY,20612,,21:00,563700001,CX,3,0/3,0,0,,0,0,0,1,297,2016-10-30 16:04:30
297,JAG,SBWAY,20612,,21:00,563700002,CX,10,0/10,0,0,,0,0,0,1,297,2016-10-30 16:04:30
298,JAG,SBWAY,20613,,21:00,563700001,CX,3,0/3,0,0,,0,0,0,1,299,2016-10-30 16:04:30
299,JAG,SBWAY,20613,,21:00,563700002,CX,10,0/10,0,0,,0,0,0,1,299,2016-10-30 16:04:30
300,JAG,JCBOB,20608,,1:00,503500073,CX,21,0/21,0,0,,0,0,0,1,305,2016-10-30 16:04:30
301,JAG,JCBOB,20608,,1:00,503500077,CX,84,0/84,0,0,,0,0,0,1,305,2016-10-30 16:04:30
302,JAG,JCBOB,20608,,1:00,503500079,CX,14,0/14,0,0,,0,0,0,1,305,2016-10-30 16:04:30
303,JAG,JCBOB,20608,,1:00,503500083,CX,14,0/14,0,0,,0,0,0,1,305,2016-10-30 16:04:30
304,JAG,JCBOB,20608,,1:00,503500071,CX,5,0/5,0,0,,0,0,0,1,305,2016-10-30 16:04:30
305,JAG,JCBOB,20608,,1:00,503500107,CX,4,0/4,0,0,,0,0,0,1,305,2016-10-30 16:04:30
306,JAG,JDITA,20609,,2:00,503500115,CX,12,0/12,0,0,,0,0,0,1,309,2016-10-30 16:04:30
307,JAG,JDITA,20609,,2:00,503500117,CX,4,0/4,0,0,,0,0,0,1,309,2016-10-30 16:04:30
308,JAG,JDITA,20609,,2:00,503500145,CX,1,0/1,0,0,,0,0,0,1,309,2016-10-30 16:04:30
309,JAG,JDITA,20609,,2:00,503500046,CX,4,0/4,0,0,,0,0,0,1,309,2016-10-30 16:04:30
310,JAG,JDITA,20610,,2:00,503500099,CX,3,0/3,0,0,,0,0,0,1,310,2016-10-30 16:04:30
311,JAG,JDSTP,20611,,2:00,503500115,CX,16,0/16,0,0,,0,0,0,1,313,2016-10-30 16:04:30
312,JAG,JDSTP,20611,,2:00,503500093,CX,1,0/1,0,0,,0,0,0,1,313,2016-10-30 16:04:30
313,JAG,JDSTP,20611,,2:00,503500023,CX,4,0/4,0,0,,0,0,0,1,313,2016-10-30 16:04:30
314,JAG,FFJDI,20604,,16:00,503500063,CX,40,0/40,0,0,,0,0,0,1,317,2016-10-30 16:04:30
315,JAG,FFJDI,20604,,16:00,503500064,CX,24,0/24,0,0,,0,0,0,1,317,2016-10-30 16:04:30
316,JAG,FFJDI,20604,,16:00,503500065,CX,20,0/20,0,0,,0,0,0,1,317,2016-10-30 16:04:30
317,JAG,FFJDI,20604,,16:00,503500028,CX,20,0/20,0,0,,0,0,0,1,317,2016-10-30 16:04:30
318,JAG,FFJDI,20605,,11:00,503500063,CX,72,0/72,0,0,,0,0,0,1,320,2016-10-30 16:04:30
319,JAG,FFJDI,20605,,11:00,503500064,CX,12,0/12,0,0,,0,0,0,1,320,2016-10-30 16:04:30
320,JAG,FFJDI,20605,,11:00,503500028,CX,20,0/20,0,0,,0,0,0,1,320,2016-10-30 16:04:30
321,JAG,FFJDI,20606,,4:00,503500064,CX,104,0/104,0,0,,0,0,0,1,321,2016-10-30 16:04:30
322,JAG,FFJDI,20607,,22:00,503500064,CX,64,0/64,0,0,,0,0,0,1,324,2016-10-30 16:04:30
323,JAG,FFJDI,20607,,22:00,503500028,CX,20,0/20,0,0,,0,0,0,1,324,2016-10-30 16:04:30
324,JAG,FFJDI,20607,,22:00,503500023,CX,20,0/20,0,0,,0,0,0,1,324,2016-10-30 16:04:30
325,JAG,SBWAY,20625,,21:00,563700001,CX,3,0/3,0,0,,0,0,0,1,326,2016-10-30 16:04:30
326,JAG,SBWAY,20625,,21:00,563700002,CX,10,0/10,0,0,,0,0,0,1,326,2016-10-30 16:04:30
327,JAG,SBWAY,20626,,23:00,563700001,CX,4,0/4,0,0,,0,0,0,1,328,2016-10-30 16:04:30
328,JAG,SBWAY,20626,,23:00,563700002,CX,9,0/9,0,0,,0,0,0,1,328,2016-10-30 16:04:30
329,JAG,SBWNE,20627,,19:00,563700001,CX,8,0/8,0,0,,0,0,0,1,330,2016-10-30 16:04:30
330,JAG,SBWNE,20627,,19:00,563700002,CX,18,0/18,0,0,,0,0,0,1,330,2016-10-30 16:04:30
331,JAG,JCBOB,20624,,1:00,503500073,CX,21,0/21,0,0,,0,0,0,1,336,2016-10-30 16:04:30
332,JAG,JCBOB,20624,,1:00,503500077,CX,84,0/84,0,0,,0,0,0,1,336,2016-10-30 16:04:30
333,JAG,JCBOB,20624,,1:00,503500079,CX,21,0/21,0,0,,0,0,0,1,336,2016-10-30 16:04:30
334,JAG,JCBOB,20624,,1:00,503500083,CX,14,0/14,0,0,,0,0,0,1,336,2016-10-30 16:04:30
335,JAG,JCBOB,20624,,1:00,503500071,CX,5,0/5,0,0,,0,0,0,1,336,2016-10-30 16:04:30
336,JAG,JCBOB,20624,,1:00,503500107,CX,3,0/3,0,0,,0,0,0,1,336,2016-10-30 16:04:30
337,JAG,FFJDI,20622,,4:00,503500063,CX,64,0/64,0,0,,0,0,0,1,338,2016-10-30 16:04:30
338,JAG,FFJDI,20622,,4:00,503500064,CX,40,0/40,0,0,,0,0,0,1,338,2016-10-30 16:04:30
339,JAG,FFJDI,20621,,11:00,503500064,CX,52,0/52,0,0,,0,0,0,1,340,2016-10-30 16:04:30
340,JAG,FFJDI,20621,,11:00,503500028,CX,52,0/52,0,0,,0,0,0,1,340,2016-10-30 16:04:30
341,JAG,FFJDI,20620,,16:00,503500064,CX,104,0/104,0,0,,0,0,0,1,341,2016-10-30 16:04:30
342,JAG,FFJDI,20623,,22:00,503500064,CX,16,0/16,0,0,,0,0,0,1,344,2016-10-30 16:04:30
343,JAG,FFJDI,20623,,22:00,503500028,CX,76,0/76,0,0,,0,0,0,1,344,2016-10-30 16:04:30
344,JAG,FFJDI,20623,,22:00,503500023,CX,12,0/12,0,0,,0,0,0,1,344,2016-10-30 16:04:30
345,JAG,CDJAC,20655,,19:00,563700001,CX,4,0/4,0,0,,0,0,0,1,346,2016-10-30 16:04:30
346,JAG,CDJAC,20655,,19:00,563700002,CX,22,0/22,0,0,,0,0,0,1,346,2016-10-30 16:04:30
347,JAG,SBWRB,20665,,23:00,563700001,CX,8,0/8,0,0,,0,0,0,1,348,2016-10-30 16:04:30
348,JAG,SBWRB,20665,,23:00,563700002,CX,18,0/18,0,0,,0,0,0,1,348,2016-10-30 16:04:30
349,JAG,FFJDI,20666,,22:00,503500064,CX,104,0/104,0,0,,0,0,0,1,349,2016-10-30 16:04:30
350,JAG,FFJDI,20656,,11:00,503500063,CX,12,0/12,0,0,,0,0,0,1,354,2016-10-30 16:04:30
351,JAG,FFJDI,20656,,11:00,503500065,CX,20,0/20,0,0,,0,0,0,1,354,2016-10-30 16:04:30
352,JAG,FFJDI,20656,,11:00,503500066,CX,12,0/12,0,0,,0,0,0,1,354,2016-10-30 16:04:30
353,JAG,FFJDI,20656,,11:00,503500028,CX,40,0/40,0,0,,0,0,0,1,354,2016-10-30 16:04:30
354,JAG,FFJDI,20656,,11:00,503500023,CX,20,0/20,0,0,,0,0,0,1,354,2016-10-30 16:04:30
355,JAG,FFJDI,20657,,1:00,503500064,CX,104,0/104,0,0,,0,0,0,1,355,2016-10-30 16:04:30
356,JAG,FFJDI,20658,,4:00,503500063,CX,64,0/64,0,0,,0,0,0,1,358,2016-10-30 16:04:30
357,JAG,FFJDI,20658,,4:00,503500064,CX,12,0/12,0,0,,0,0,0,1,358,2016-10-30 16:04:30
358,JAG,FFJDI,20658,,4:00,503500065,CX,28,0/28,0,0,,0,0,0,1,358,2016-10-30 16:04:30
359,JAG,FFJDI,20659,,16:00,503500063,CX,4,0/4,0,0,,0,0,0,1,363,2016-10-30 16:04:30
360,JAG,FFJDI,20659,,16:00,503500064,CX,40,0/40,0,0,,0,0,0,1,363,2016-10-30 16:04:30
361,JAG,FFJDI,20659,,16:00,503500066,CX,12,0/12,0,0,,0,0,0,1,363,2016-10-30 16:04:30
362,JAG,FFJDI,20659,,16:00,503500028,CX,40,0/40,0,0,,0,0,0,1,363,2016-10-30 16:04:30
363,JAG,FFJDI,20659,,16:00,503500023,CX,8,0/8,0,0,,0,0,0,1,363,2016-10-30 16:04:30
364,JAG,CCONF,20654,,10:00,503500115,CX,12,0/12,0,0,,0,0,0,1,368,2016-10-30 16:04:30
365,JAG,CCONF,20654,,10:00,503500103,CX,1,0/1,0,0,,0,0,0,1,368,2016-10-30 16:04:30
366,JAG,CCONF,20654,,10:00,503500127,CX,2,0/2,0,0,,0,0,0,1,368,2016-10-30 16:04:30
367,JAG,CCONF,20654,,10:00,503500027,CX,4,0/4,0,0,,0,0,0,1,368,2016-10-30 16:04:30
368,JAG,CCONF,20654,,10:00,503500023,CX,4,0/4,0,0,,0,0,0,1,368,2016-10-30 16:04:30
369,JAG,JDITA,20661,,17:00,503500023,CX,4,0/4,0,0,,0,0,0,1,369,2016-10-30 16:04:30
370,JAG,JDITA,20662,,17:00,503500117,CX,4,0/4,0,0,,0,0,0,1,370,2016-10-30 16:04:30
371,JAG,JDITA,20660,,17:00,503500129,CX,1,0/1,0,0,,0,0,0,1,372,2016-10-30 16:04:30
372,JAG,JDITA,20660,,17:00,503500125,CX,4,0/4,0,0,,0,0,0,1,372,2016-10-30 16:04:30
373,JAG,JDSTP,20664,,17:00,503500023,CX,4,0/4,0,0,,0,0,0,1,373,2016-10-30 16:04:30
374,JAG,JDSTP,20663,,17:00,503500117,CX,4,0/4,0,0,,0,0,0,1,376,2016-10-30 16:04:30
375,JAG,JDSTP,20663,,17:00,503500125,CX,8,0/8,0,0,,0,0,0,1,376,2016-10-30 16:04:30
376,JAG,JDSTP,20663,,17:00,503500093,CX,1,0/1,0,0,,0,0,0,1,376,2016-10-30 16:04:30
377,JAG,SBWNE,20678,,19:00,563700001,CX,7,0/7,0,0,,0,0,0,1,378,2016-10-30 16:04:30
378,JAG,SBWNE,20678,,19:00,563700002,CX,19,0/19,0,0,,0,0,0,1,378,2016-10-30 16:04:30
379,JAG,FFJDI,20675,,4:00,503500063,CX,20,0/20,0,0,,0,0,0,1,384,2016-10-30 16:04:30
380,JAG,FFJDI,20675,,4:00,503500064,CX,20,0/20,0,0,,0,0,0,1,384,2016-10-30 16:04:30
381,JAG,FFJDI,20675,,4:00,503500065,CX,16,0/16,0,0,,0,0,0,1,384,2016-10-30 16:04:30
382,JAG,FFJDI,20675,,4:00,503500066,CX,16,0/16,0,0,,0,0,0,1,384,2016-10-30 16:04:30
383,JAG,FFJDI,20675,,4:00,503500028,CX,16,0/16,0,0,,0,0,0,1,384,2016-10-30 16:04:30
384,JAG,FFJDI,20675,,4:00,503500023,CX,16,0/16,0,0,,0,0,0,1,384,2016-10-30 16:04:30
385,JAG,FFJDI,20676,,22:00,503500063,CX,32,0/32,0,0,,0,0,0,1,389,2016-10-30 16:04:30
386,JAG,FFJDI,20676,,22:00,503500064,CX,32,0/32,0,0,,0,0,0,1,389,2016-10-30 16:04:30
387,JAG,FFJDI,20676,,22:00,503500065,CX,16,0/16,0,0,,0,0,0,1,389,2016-10-30 16:04:30
388,JAG,FFJDI,20676,,22:00,503500028,CX,16,0/16,0,0,,0,0,0,1,389,2016-10-30 16:04:30
389,JAG,FFJDI,20676,,22:00,503500023,CX,8,0/8,0,0,,0,0,0,1,389,2016-10-30 16:04:30
390,JAG,FFJDI,20677,,16:00,503500064,CX,48,0/48,0,0,,0,0,0,1,393,2016-10-30 16:04:30
391,JAG,FFJDI,20677,,16:00,503500066,CX,4,0/4,0,0,,0,0,0,1,393,2016-10-30 16:04:30
392,JAG,FFJDI,20677,,16:00,503500028,CX,36,0/36,0,0,,0,0,0,1,393,2016-10-30 16:04:30
393,JAG,FFJDI,20677,,16:00,503500023,CX,16,0/16,0,0,,0,0,0,1,393,2016-10-30 16:04:30
394,JAG,FFJDI,20679,,11:00,503500064,CX,72,0/72,0,0,,0,0,0,1,397,2016-10-30 16:04:30
395,JAG,FFJDI,20679,,11:00,503500065,CX,12,0/12,0,0,,0,0,0,1,397,2016-10-30 16:04:30
396,JAG,FFJDI,20679,,11:00,503500028,CX,8,0/8,0,0,,0,0,0,1,397,2016-10-30 16:04:30
397,JAG,FFJDI,20679,,11:00,503500023,CX,12,0/12,0,0,,0,0,0,1,397,2016-10-30 16:04:30
398,JAG,WALBA,20669,,5:00,503500138,CX,5,0/5,0,0,,0,0,0,1,403,2016-10-30 16:04:30
399,JAG,WALBA,20669,,5:00,503500141,CX,3,0/3,0,0,,0,0,0,1,403,2016-10-30 16:04:30
400,JAG,WALBA,20669,,5:00,503500142,CX,6,0/6,0,0,,0,0,0,1,403,2016-10-30 16:04:30
401,JAG,WALBA,20669,,5:00,503500140,CX,3,0/3,0,0,,0,0,0,1,403,2016-10-30 16:04:30
402,JAG,WALBA,20669,,5:00,503500136,CX,5,0/5,0,0,,0,0,0,1,403,2016-10-30 16:04:30
403,JAG,WALBA,20669,,5:00,503500137,CX,6,0/6,0,0,,0,0,0,1,403,2016-10-30 16:04:30
404,JAG,WALPE,20668,,18:00,503500138,CX,4,0/4,0,0,,0,0,0,1,409,2016-10-30 16:04:30
405,JAG,WALPE,20668,,18:00,503500141,CX,4,0/4,0,0,,0,0,0,1,409,2016-10-30 16:04:30
406,JAG,WALPE,20668,,18:00,503500142,CX,6,0/6,0,0,,0,0,0,1,409,2016-10-30 16:04:30
407,JAG,WALPE,20668,,18:00,503500140,CX,5,0/5,0,0,,0,0,0,1,409,2016-10-30 16:04:30
408,JAG,WALPE,20668,,18:00,503500136,CX,6,0/6,0,0,,0,0,0,1,409,2016-10-30 16:04:30
409,JAG,WALPE,20668,,18:00,503500137,CX,3,0/3,0,0,,0,0,0,1,409,2016-10-30 16:04:30
410,JAG,CDJAC,20684,,21:00,563700001,CX,6,0/6,0,0,,0,0,0,1,411,2016-10-30 16:04:30
411,JAG,CDJAC,20684,,21:00,563700002,CX,20,0/20,0,0,,0,0,0,1,411,2016-10-30 16:04:30
412,JAG,CR054,20685,,1:00,503500073,CX,14,0/14,0,0,,0,0,0,1,414,2016-10-30 16:04:30
413,JAG,CR054,20685,,1:00,503500077,CX,161,0/161,0,0,,0,0,0,1,414,2016-10-30 16:04:30
414,JAG,CR054,20685,,1:00,503500071,CX,3,0/3,0,0,,0,0,0,1,414,2016-10-30 16:04:30
415,JAG,SBWAY,20689,,23:00,563700001,CX,6,0/6,0,0,,0,0,0,1,416,2016-10-30 16:04:30
416,JAG,SBWAY,20689,,23:00,563700002,CX,20,0/20,0,0,,0,0,0,1,416,2016-10-30 16:04:30
417,JAG,FFJDI,20690,,4:00,503500064,CX,24,0/24,0,0,,0,0,0,1,421,2016-10-30 16:04:30
418,JAG,FFJDI,20690,,4:00,503500065,CX,16,0/16,0,0,,0,0,0,1,421,2016-10-30 16:04:30
419,JAG,FFJDI,20690,,4:00,503500066,CX,8,0/8,0,0,,0,0,0,1,421,2016-10-30 16:04:30
420,JAG,FFJDI,20690,,4:00,503500028,CX,40,0/40,0,0,,0,0,0,1,421,2016-10-30 16:04:30
421,JAG,FFJDI,20690,,4:00,503500023,CX,16,0/16,0,0,,0,0,0,1,421,2016-10-30 16:04:30
422,JAG,FFJDI,20686,,11:00,503500064,CX,92,0/92,0,0,,0,0,0,1,423,2016-10-30 16:04:30
423,JAG,FFJDI,20686,,11:00,503500028,CX,12,0/12,0,0,,0,0,0,1,423,2016-10-30 16:04:30
424,JAG,FFJDI,20687,,16:00,503500063,CX,60,0/60,0,0,,0,0,0,1,425,2016-10-30 16:04:30
425,JAG,FFJDI,20687,,16:00,503500064,CX,44,0/44,0,0,,0,0,0,1,425,2016-10-30 16:04:30
426,JAG,FFJDI,20688,,22:00,503500063,CX,20,0/20,0,0,,0,0,0,1,430,2016-10-30 16:04:30
427,JAG,FFJDI,20688,,22:00,503500064,CX,40,0/40,0,0,,0,0,0,1,430,2016-10-30 16:04:30
428,JAG,FFJDI,20688,,22:00,503500065,CX,16,0/16,0,0,,0,0,0,1,430,2016-10-30 16:04:30
429,JAG,FFJDI,20688,,22:00,503500066,CX,12,0/12,0,0,,0,0,0,1,430,2016-10-30 16:04:30
430,JAG,FFJDI,20688,,22:00,503500023,CX,16,0/16,0,0,,0,0,0,1,430,2016-10-30 16:04:30
431,JAG,WALRS,20694,,5:00,503500138,CX,2,0/2,0,0,,0,0,0,1,437,2016-10-30 16:04:30
432,JAG,WALRS,20694,,5:00,503500141,CX,2,0/2,0,0,,0,0,0,1,437,2016-10-30 16:04:30
433,JAG,WALRS,20694,,5:00,503500142,CX,3,0/3,0,0,,0,0,0,1,437,2016-10-30 16:04:30
434,JAG,WALRS,20694,,5:00,503500136,CX,3,0/3,0,0,,0,0,0,1,437,2016-10-30 16:04:30
435,JAG,WALRS,20694,,5:00,503500140,CX,3,0/3,0,0,,0,0,0,1,437,2016-10-30 16:04:30
436,JAG,WALRS,20694,,5:00,503500137,CX,3,0/3,0,0,,0,0,0,1,437,2016-10-30 16:04:30
437,JAG,WALRS,20694,,5:00,503500139,CX,2,0/2,0,0,,0,0,0,1,437,2016-10-30 16:04:30
438,JAG,WALPR,20695,,7:00,503500138,CX,2,0/2,0,0,,0,0,0,1,444,2016-10-30 16:04:30
439,JAG,WALPR,20695,,7:00,503500141,CX,2,0/2,0,0,,0,0,0,1,444,2016-10-30 16:04:30
440,JAG,WALPR,20695,,7:00,503500142,CX,2,0/2,0,0,,0,0,0,1,444,2016-10-30 16:04:30
441,JAG,WALPR,20695,,7:00,503500136,CX,2,0/2,0,0,,0,0,0,1,444,2016-10-30 16:04:30
442,JAG,WALPR,20695,,7:00,503500140,CX,2,0/2,0,0,,0,0,0,1,444,2016-10-30 16:04:30
443,JAG,WALPR,20695,,7:00,503500137,CX,2,0/2,0,0,,0,0,0,1,444,2016-10-30 16:04:30
444,JAG,WALPR,20695,,7:00,503500139,CX,1,0/1,0,0,,0,0,0,1,444,2016-10-30 16:04:30
445,JAG,CDJAC,20697,,19:00,563700001,CX,6,0/6,0,0,,0,0,0,1,446,2016-10-30 16:04:30
446,JAG,CDJAC,20697,,19:00,563700002,CX,20,0/20,0,0,,0,0,0,1,446,2016-10-30 16:04:30
447,JAG,CR056,20698,,1:00,503500073,CX,7,0/7,0,0,,0,0,0,1,451,2016-10-30 16:04:30
448,JAG,CR056,20698,,1:00,503500077,CX,112,0/112,0,0,,0,0,0,1,451,2016-10-30 16:04:30
449,JAG,CR056,20698,,1:00,503500079,CX,7,0/7,0,0,,0,0,0,1,451,2016-10-30 16:04:30
450,JAG,CR056,20698,,1:00,503500083,CX,14,0/14,0,0,,0,0,0,1,451,2016-10-30 16:04:30
451,JAG,CR056,20698,,1:00,503500071,CX,8,0/8,0,0,,0,0,0,1,451,2016-10-30 16:04:30
452,JAG,JCBOB,20699,,3:00,503500077,CX,91,0/91,0,0,,0,0,0,1,454,2016-10-30 16:04:30
453,JAG,JCBOB,20699,,3:00,503500083,CX,98,0/98,0,0,,0,0,0,1,454,2016-10-30 16:04:30
454,JAG,JCBOB,20699,,3:00,503500071,CX,1,0/1,0,0,,0,0,0,1,454,2016-10-30 16:04:30
455,JAG,JCBOB,20700,,9:00,503500077,CX,98,0/98,0,0,,0,0,0,1,457,2016-10-30 16:04:30
456,JAG,JCBOB,20700,,9:00,503500083,CX,84,0/84,0,0,,0,0,0,1,457,2016-10-30 16:04:30
457,JAG,JCBOB,20700,,9:00,503500071,CX,2,0/2,0,0,,0,0,0,1,457,2016-10-30 16:04:30
458,JAG,WMART,20701,,18:00,503500138,CX,1,22/1,0,0,,0,0,0,1,465,2016-10-30 16:04:30
459,JAG,WMART,20701,,18:00,503500135,CX,0,4/0,0,0,,0,0,0,1,465,2016-10-30 16:04:30
460,JAG,WMART,20701,,18:00,503500141,CX,2,2/2,0,0,,0,0,0,1,465,2016-10-30 16:04:30
461,JAG,WMART,20701,,18:00,503500142,CX,2,20/2,0,0,,0,0,0,1,465,2016-10-30 16:04:30
462,JAG,WMART,20701,,18:00,503500136,CX,5,7/5,0,0,,0,0,0,1,465,2016-10-30 16:04:30
463,JAG,WMART,20701,,18:00,503500140,CX,3,20/3,0,0,,0,0,0,1,465,2016-10-30 16:04:30
464,JAG,WMART,20701,,18:00,503500137,CX,1,32/1,0,0,,0,0,0,1,465,2016-10-30 16:04:30
465,JAG,WMART,20701,,18:00,503500139,CX,0,18/0,0,0,,0,0,0,1,465,2016-10-30 16:04:30
466,JAG,FFJDI,20702,,11:00,503500064,CX,24,0/24,0,0,,0,0,0,1,470,2016-10-30 16:04:30
467,JAG,FFJDI,20702,,11:00,503500065,CX,16,0/16,0,0,,0,0,0,1,470,2016-10-30 16:04:30
468,JAG,FFJDI,20702,,11:00,503500066,CX,8,0/8,0,0,,0,0,0,1,470,2016-10-30 16:04:30
469,JAG,FFJDI,20702,,11:00,503500028,CX,48,0/48,0,0,,0,0,0,1,470,2016-10-30 16:04:30
470,JAG,FFJDI,20702,,11:00,503500023,CX,8,0/8,0,0,,0,0,0,1,470,2016-10-30 16:04:30
471,JAG,FFJDI,20703,,4:00,503500063,CX,16,0/16,0,0,,0,0,0,1,476,2016-10-30 16:04:30
472,JAG,FFJDI,20703,,4:00,503500064,CX,28,0/28,0,0,,0,0,0,1,476,2016-10-30 16:04:30
473,JAG,FFJDI,20703,,4:00,503500065,CX,20,0/20,0,0,,0,0,0,1,476,2016-10-30 16:04:30
474,JAG,FFJDI,20703,,4:00,503500066,CX,8,0/8,0,0,,0,0,0,1,476,2016-10-30 16:04:30
475,JAG,FFJDI,20703,,4:00,503500028,CX,20,0/20,0,0,,0,0,0,1,476,2016-10-30 16:04:30
476,JAG,FFJDI,20703,,4:00,503500023,CX,12,0/12,0,0,,0,0,0,1,476,2016-10-30 16:04:30
477,JAG,FFJDI,20704,,16:00,503500063,CX,20,0/20,0,0,,0,0,0,1,479,2016-10-30 16:04:30
478,JAG,FFJDI,20704,,16:00,503500064,CX,68,0/68,0,0,,0,0,0,1,479,2016-10-30 16:04:30
479,JAG,FFJDI,20704,,16:00,503500028,CX,16,0/16,0,0,,0,0,0,1,479,2016-10-30 16:04:30
480,JAG,FFJDI,20705,,22:00,503500063,CX,44,0/44,0,0,,0,0,0,1,481,2016-10-30 16:04:30
481,JAG,FFJDI,20705,,22:00,503500064,CX,60,0/60,0,0,,0,0,0,1,481,2016-10-30 16:04:30
482,JAG,CDGPA,20683,,15:00,503500184,CX,4,3/4,0,0,,0,0,0,1,482,2016-10-30 16:04:30
483,JAG,CCONF,20718,,10:00,503500129,CX,1,0/1,0,0,,0,0,0,1,483,2016-10-30 16:04:30
484,JAG,CCONF,20719,,10:00,503500115,CX,16,0/16,0,0,,0,0,0,1,491,2016-10-30 16:04:30
485,JAG,CCONF,20719,,10:00,503500099,CX,1,0/1,0,0,,0,0,0,1,491,2016-10-30 16:04:30
486,JAG,CCONF,20719,,10:00,503500103,CX,2,0/2,0,0,,0,0,0,1,491,2016-10-30 16:04:30
487,JAG,CCONF,20719,,10:00,503500127,CX,2,0/2,0,0,,0,0,0,1,491,2016-10-30 16:04:30
488,JAG,CCONF,20719,,10:00,503500105,CX,8,0/8,0,0,,0,0,0,1,491,2016-10-30 16:04:30
489,JAG,CCONF,20719,,10:00,503500093,CX,1,0/1,0,0,,0,0,0,1,491,2016-10-30 16:04:30
490,JAG,CCONF,20719,,10:00,503500046,CX,8,0/8,0,0,,0,0,0,1,491,2016-10-30 16:04:30
491,JAG,CCONF,20719,,10:00,503500023,CX,4,0/4,0,0,,0,0,0,1,491,2016-10-30 16:04:30
492,JAG,CDJAC,20720,,21:00,563700001,CX,6,0/6,0,0,,0,0,0,1,493,2016-10-30 16:04:30
493,JAG,CDJAC,20720,,21:00,563700002,CX,20,0/20,0,0,,0,0,0,1,493,2016-10-30 16:04:30
494,JAG,CR053,20721,,1:00,503500073,CX,28,0/28,0,0,,0,0,0,1,497,2016-10-30 16:04:30
495,JAG,CR053,20721,,1:00,503500077,CX,56,0/56,0,0,,0,0,0,1,497,2016-10-30 16:04:30
496,JAG,CR053,20721,,1:00,503500079,CX,21,0/21,0,0,,0,0,0,1,497,2016-10-30 16:04:30
497,JAG,CR053,20721,,1:00,503500083,CX,91,0/91,0,0,,0,0,0,1,497,2016-10-30 16:04:30
498,JAG,JDITA,20722,,17:00,503500115,CX,4,0/4,0,0,,0,0,0,1,501,2016-10-30 16:04:30
499,JAG,JDITA,20722,,17:00,503500125,CX,4,0/4,0,0,,0,0,0,1,501,2016-10-30 16:04:30
500,JAG,JDITA,20722,,17:00,503500093,CX,1,0/1,0,0,,0,0,0,1,501,2016-10-30 16:04:30
501,JAG,JDITA,20722,,17:00,503500045,CX,4,0/4,0,0,,0,0,0,1,501,2016-10-30 16:04:30
502,JAG,JDITA,20723,,17:00,503500115,CX,12,0/12,0,0,,0,0,0,1,502,2016-10-30 16:04:30
503,JAG,JDSTP,20724,,17:00,503500115,CX,16,0/16,0,0,,0,0,0,1,507,2016-10-30 16:04:30
504,JAG,JDSTP,20724,,17:00,503500125,CX,4,0/4,0,0,,0,0,0,1,507,2016-10-30 16:04:30
505,JAG,JDSTP,20724,,17:00,503500093,CX,2,0/2,0,0,,0,0,0,1,507,2016-10-30 16:04:30
506,JAG,JDSTP,20724,,17:00,503500045,CX,4,0/4,0,0,,0,0,0,1,507,2016-10-30 16:04:30
507,JAG,JDSTP,20724,,17:00,503500023,CX,4,0/4,0,0,,0,0,0,1,507,2016-10-30 16:04:30
508,JAG,JDSTP,20725,,17:00,503500115,CX,12,0/12,0,0,,0,0,0,1,508,2016-10-30 16:04:30
509,JAG,SBWAY,20726,,16:00,563700001,CX,3,0/3,0,0,,0,0,0,1,510,2016-10-30 16:04:30
510,JAG,SBWAY,20726,,16:00,563700002,CX,10,0/10,0,0,,0,0,0,1,510,2016-10-30 16:04:30
511,JAG,SBWAY,20727,,16:00,563700001,CX,3,0/3,0,0,,0,0,0,1,512,2016-10-30 16:04:30
512,JAG,SBWAY,20727,,16:00,563700002,CX,10,0/10,0,0,,0,0,0,1,512,2016-10-30 16:04:30
513,JAG,FFJDI,20728,,4:00,503500064,CX,28,0/28,0,0,,0,0,0,1,517,2016-10-30 16:04:30
514,JAG,FFJDI,20728,,4:00,503500065,CX,16,0/16,0,0,,0,0,0,1,517,2016-10-30 16:04:30
515,JAG,FFJDI,20728,,4:00,503500066,CX,16,0/16,0,0,,0,0,0,1,517,2016-10-30 16:04:30
516,JAG,FFJDI,20728,,4:00,503500028,CX,28,0/28,0,0,,0,0,0,1,517,2016-10-30 16:04:30
517,JAG,FFJDI,20728,,4:00,503500023,CX,16,0/16,0,0,,0,0,0,1,517,2016-10-30 16:04:30
518,JAG,FFJDI,20729,,16:00,503500063,CX,20,0/20,0,0,,0,0,0,1,523,2016-10-30 16:04:30
519,JAG,FFJDI,20729,,16:00,503500064,CX,20,0/20,0,0,,0,0,0,1,523,2016-10-30 16:04:30
520,JAG,FFJDI,20729,,16:00,503500065,CX,16,0/16,0,0,,0,0,0,1,523,2016-10-30 16:04:30
521,JAG,FFJDI,20729,,16:00,503500066,CX,4,0/4,0,0,,0,0,0,1,523,2016-10-30 16:04:30
522,JAG,FFJDI,20729,,16:00,503500028,CX,28,0/28,0,0,,0,0,0,1,523,2016-10-30 16:04:30
523,JAG,FFJDI,20729,,16:00,503500023,CX,16,0/16,0,0,,0,0,0,1,523,2016-10-30 16:04:30
524,JAG,FFJDI,20730,,22:00,503500063,CX,40,0/40,0,0,,0,0,0,1,525,2016-10-30 16:04:30
525,JAG,FFJDI,20730,,22:00,503500064,CX,64,0/64,0,0,,0,0,0,1,525,2016-10-30 16:04:30
526,JAG,FFJDI,20731,,11:00,503500063,CX,40,0/40,0,0,,0,0,0,1,528,2016-10-30 16:04:30
527,JAG,FFJDI,20731,,11:00,503500064,CX,40,0/40,0,0,,0,0,0,1,528,2016-10-30 16:04:30
528,JAG,FFJDI,20731,,11:00,503500028,CX,24,0/24,0,0,,0,0,0,1,528,2016-10-30 16:04:30
529,JAG,CDJAC,20740,,19:00,563700001,CX,6,0/6,0,0,,0,0,0,1,530,2016-10-30 16:04:30
530,JAG,CDJAC,20740,,19:00,563700002,CX,20,0/20,0,0,,0,0,0,1,530,2016-10-30 16:04:30
531,JAG,SBWAY,20742,,21:00,563700001,CX,3,0/3,0,0,,0,0,0,1,532,2016-10-30 16:04:30
532,JAG,SBWAY,20742,,21:00,563700002,CX,10,0/10,0,0,,0,0,0,1,532,2016-10-30 16:04:30
533,JAG,SBWAY,20743,,21:00,563700001,CX,3,0/3,0,0,,0,0,0,1,534,2016-10-30 16:04:30
534,JAG,SBWAY,20743,,21:00,563700002,CX,10,0/10,0,0,,0,0,0,1,534,2016-10-30 16:04:30
535,JAG,BCDRB,20739,,1:00,503500073,CX,42,0/42,0,0,,0,0,0,1,538,2016-10-30 16:04:30
536,JAG,BCDRB,20739,,1:00,503500077,CX,42,0/42,0,0,,0,0,0,1,538,2016-10-30 16:04:30
537,JAG,BCDRB,20739,,1:00,503500079,CX,14,0/14,0,0,,0,0,0,1,538,2016-10-30 16:04:30
538,JAG,BCDRB,20739,,1:00,503500083,CX,98,0/98,0,0,,0,0,0,1,538,2016-10-30 16:04:30
539,JAG,JCBOB,20741,,3:00,503500077,CX,196,0/196,0,0,,0,0,0,1,539,2016-10-30 16:04:30
540,JAG,FFJDI,20744,,4:00,503500063,CX,20,0/20,0,0,,0,0,0,1,543,2016-10-30 16:04:30
541,JAG,FFJDI,20744,,4:00,503500064,CX,24,0/24,0,0,,0,0,0,1,543,2016-10-30 16:04:30
542,JAG,FFJDI,20744,,4:00,503500065,CX,20,0/20,0,0,,0,0,0,1,543,2016-10-30 16:04:30
543,JAG,FFJDI,20744,,4:00,503500028,CX,40,0/40,0,0,,0,0,0,1,543,2016-10-30 16:04:30
544,JAG,FFJDI,20745,,16:00,503500063,CX,40,0/40,0,0,,0,0,0,1,547,2016-10-30 16:04:30
545,JAG,FFJDI,20745,,16:00,503500064,CX,28,0/28,0,0,,0,0,0,1,547,2016-10-30 16:04:30
546,JAG,FFJDI,20745,,16:00,503500028,CX,20,0/20,0,0,,0,0,0,1,547,2016-10-30 16:04:30
547,JAG,FFJDI,20745,,16:00,503500023,CX,16,0/16,0,0,,0,0,0,1,547,2016-10-30 16:04:30
548,JAG,FFJDI,20746,,22:00,503500063,CX,16,0/16,0,0,,0,0,0,1,552,2016-10-30 16:04:30
549,JAG,FFJDI,20746,,22:00,503500064,CX,16,0/16,0,0,,0,0,0,1,552,2016-10-30 16:04:30
550,JAG,FFJDI,20746,,22:00,503500066,CX,16,0/16,0,0,,0,0,0,1,552,2016-10-30 16:04:30
551,JAG,FFJDI,20746,,22:00,503500028,CX,52,0/52,0,0,,0,0,0,1,552,2016-10-30 16:04:30
552,JAG,FFJDI,20746,,22:00,503500023,CX,4,0/4,0,0,,0,0,0,1,552,2016-10-30 16:04:30
553,JAG,FFJDI,20747,,11:00,503500063,CX,40,0/40,0,0,,0,0,0,1,554,2016-10-30 16:04:30
554,JAG,FFJDI,20747,,11:00,503500064,CX,64,0/64,0,0,,0,0,0,1,554,2016-10-30 16:04:30
555,JAG,SBWRB,20762,,19:00,563700001,CX,7,0/7,0,0,,0,0,0,1,556,2016-10-30 16:04:30
556,JAG,SBWRB,20762,,19:00,563700002,CX,19,0/19,0,0,,0,0,0,1,556,2016-10-30 16:04:30
557,JAG,CDJAC,20760,,19:00,563700001,CX,6,0/6,0,0,,0,0,0,1,558,2016-10-30 16:04:30
558,JAG,CDJAC,20760,,19:00,563700002,CX,20,0/20,0,0,,0,0,0,1,558,2016-10-30 16:04:30
559,JAG,CDJAC,20761,,21:00,563700001,CX,6,0/6,0,0,,0,0,0,1,560,2016-10-30 16:04:30
560,JAG,CDJAC,20761,,21:00,563700002,CX,20,0/20,0,0,,0,0,0,1,560,2016-10-30 16:04:30
561,JAG,FFJDI,20763,,22:00,503500063,CX,20,0/20,0,0,,0,0,0,1,566,2016-10-30 16:04:30
562,JAG,FFJDI,20763,,22:00,503500064,CX,20,0/20,0,0,,0,0,0,1,566,2016-10-30 16:04:30
563,JAG,FFJDI,20763,,22:00,503500065,CX,16,0/16,0,0,,0,0,0,1,566,2016-10-30 16:04:30
564,JAG,FFJDI,20763,,22:00,503500066,CX,12,0/12,0,0,,0,0,0,1,566,2016-10-30 16:04:30
565,JAG,FFJDI,20763,,22:00,503500028,CX,20,0/20,0,0,,0,0,0,1,566,2016-10-30 16:04:30
566,JAG,FFJDI,20763,,22:00,503500023,CX,16,0/16,0,0,,0,0,0,1,566,2016-10-30 16:04:30
567,JAG,FFJDI,20764,,16:00,503500063,CX,36,0/36,0,0,,0,0,0,1,570,2016-10-30 16:04:30
568,JAG,FFJDI,20764,,16:00,503500064,CX,36,0/36,0,0,,0,0,0,1,570,2016-10-30 16:04:30
569,JAG,FFJDI,20764,,16:00,503500065,CX,12,0/12,0,0,,0,0,0,1,570,2016-10-30 16:04:30
570,JAG,FFJDI,20764,,16:00,503500028,CX,20,0/20,0,0,,0,0,0,1,570,2016-10-30 16:04:30
571,JAG,FFJDI,20765,,4:00,503500063,CX,40,0/40,0,0,,0,0,0,1,572,2016-10-30 16:04:30
572,JAG,FFJDI,20765,,4:00,503500064,CX,64,0/64,0,0,,0,0,0,1,572,2016-10-30 16:04:30
573,JAG,FFJDI,20766,,11:00,503500063,CX,20,0/20,0,0,,0,0,0,1,578,2016-10-30 16:04:30
574,JAG,FFJDI,20766,,11:00,503500064,CX,24,0/24,0,0,,0,0,0,1,578,2016-10-30 16:04:30
575,JAG,FFJDI,20766,,11:00,503500065,CX,16,0/16,0,0,,0,0,0,1,578,2016-10-30 16:04:30
576,JAG,FFJDI,20766,,11:00,503500066,CX,8,0/8,0,0,,0,0,0,1,578,2016-10-30 16:04:30
577,JAG,FFJDI,20766,,11:00,503500028,CX,20,0/20,0,0,,0,0,0,1,578,2016-10-30 16:04:30
578,JAG,FFJDI,20766,,11:00,503500023,CX,16,0/16,0,0,,0,0,0,1,578,2016-10-30 16:04:30
579,JAG,CDJAC,20784,,19:00,563700001,CX,6,0/6,0,0,,0,0,0,1,580,2016-10-30 16:04:30
580,JAG,CDJAC,20784,,19:00,563700002,CX,20,0/20,0,0,,0,0,0,1,580,2016-10-30 16:04:30
581,JAG,SBWNE,20785,,21:00,563700001,CX,7,0/7,0,0,,0,0,0,1,582,2016-10-30 16:04:30
582,JAG,SBWNE,20785,,21:00,563700002,CX,19,0/19,0,0,,0,0,0,1,582,2016-10-30 16:04:30
583,JAG,FFJDI,20788,,4:00,503500064,CX,32,0/32,0,0,,0,0,0,1,587,2016-10-30 16:04:30
584,JAG,FFJDI,20788,,4:00,503500065,CX,20,0/20,0,0,,0,0,0,1,587,2016-10-30 16:04:30
585,JAG,FFJDI,20788,,4:00,503500066,CX,12,0/12,0,0,,0,0,0,1,587,2016-10-30 16:04:30
586,JAG,FFJDI,20788,,4:00,503500028,CX,20,0/20,0,0,,0,0,0,1,587,2016-10-30 16:04:30
587,JAG,FFJDI,20788,,4:00,503500023,CX,20,0/20,0,0,,0,0,0,1,587,2016-10-30 16:04:30
588,JAG,FFJDI,20786,,11:00,503500063,CX,40,0/40,0,0,,0,0,0,1,591,2016-10-30 16:04:30
589,JAG,FFJDI,20786,,11:00,503500064,CX,28,0/28,0,0,,0,0,0,1,591,2016-10-30 16:04:30
590,JAG,FFJDI,20786,,11:00,503500065,CX,16,0/16,0,0,,0,0,0,1,591,2016-10-30 16:04:30
591,JAG,FFJDI,20786,,11:00,503500028,CX,20,0/20,0,0,,0,0,0,1,591,2016-10-30 16:04:30
592,JAG,FFJDI,20787,,9:00,503500063,CX,44,0/44,0,0,,0,0,0,1,595,2016-10-30 16:04:30
593,JAG,FFJDI,20787,,9:00,503500064,CX,20,0/20,0,0,,0,0,0,1,595,2016-10-30 16:04:30
594,JAG,FFJDI,20787,,9:00,503500065,CX,20,0/20,0,0,,0,0,0,1,595,2016-10-30 16:04:30
595,JAG,FFJDI,20787,,9:00,503500028,CX,20,0/20,0,0,,0,0,0,1,595,2016-10-30 16:04:30
596,JAG,WALPE,20757,,5:00,503500138,CX,4,0/4,0,0,,0,0,0,1,601,2016-10-30 16:04:30
597,JAG,WALPE,20757,,5:00,503500141,CX,4,0/4,0,0,,0,0,0,1,601,2016-10-30 16:04:30
598,JAG,WALPE,20757,,5:00,503500142,CX,6,0/6,0,0,,0,0,0,1,601,2016-10-30 16:04:30
599,JAG,WALPE,20757,,5:00,503500136,CX,6,0/6,0,0,,0,0,0,1,601,2016-10-30 16:04:30
600,JAG,WALPE,20757,,5:00,503500140,CX,5,0/5,0,0,,0,0,0,1,601,2016-10-30 16:04:30
601,JAG,WALPE,20757,,5:00,503500137,CX,3,0/3,0,0,,0,0,0,1,601,2016-10-30 16:04:30
602,JAG,WMART,20793,,5:00,503500138,CX,2,3/2,0,0,,0,0,0,1,609,2016-10-30 16:04:30
603,JAG,WMART,20793,,5:00,503500135,CX,0,30/0,0,0,,0,0,0,1,609,2016-10-30 16:04:30
604,JAG,WMART,20793,,5:00,503500141,CX,2,6/2,0,0,,0,0,0,1,609,2016-10-30 16:04:30
605,JAG,WMART,20793,,5:00,503500142,CX,2,19/2,0,0,,0,0,0,1,609,2016-10-30 16:04:30
606,JAG,WMART,20793,,5:00,503500136,CX,4,29/4,0,0,,0,0,0,1,609,2016-10-30 16:04:30
607,JAG,WMART,20793,,5:00,503500140,CX,3,17/3,0,0,,0,0,0,1,609,2016-10-30 16:04:30
608,JAG,WMART,20793,,5:00,503500137,CX,1,32/1,0,0,,0,0,0,1,609,2016-10-30 16:04:30
609,JAG,WMART,20793,,5:00,503500139,CX,0,28/0,0,0,,0,0,0,1,609,2016-10-30 16:04:30
610,JAG,CCONF,20797,,10:00,503500115,CX,16,0/16,0,0,,0,0,0,1,619,2016-10-30 16:04:30
611,JAG,CCONF,20797,,10:00,503500099,CX,1,0/1,0,0,,0,0,0,1,619,2016-10-30 16:04:30
612,JAG,CCONF,20797,,10:00,503500111,CX,4,0/4,0,0,,0,0,0,1,619,2016-10-30 16:04:30
613,JAG,CCONF,20797,,10:00,503500103,CX,1,0/1,0,0,,0,0,0,1,619,2016-10-30 16:04:30
614,JAG,CCONF,20797,,10:00,503500127,CX,2,0/2,0,0,,0,0,0,1,619,2016-10-30 16:04:30
615,JAG,CCONF,20797,,10:00,503500149,CX,1,0/1,0,0,,0,0,0,1,619,2016-10-30 16:04:30
616,JAG,CCONF,20797,,10:00,503500101,CX,1,0/1,0,0,,0,0,0,1,619,2016-10-30 16:04:30
617,JAG,CCONF,20797,,10:00,503500093,CX,2,0/2,0,0,,0,0,0,1,619,2016-10-30 16:04:30
618,JAG,CCONF,20797,,10:00,503500105,CX,8,0/8,0,0,,0,0,0,1,619,2016-10-30 16:04:30
619,JAG,CCONF,20797,,10:00,503500023,CX,4,0/4,0,0,,0,0,0,1,619,2016-10-30 16:04:30
620,JAG,CR053,20799,,1:00,503500073,CX,21,0/21,0,0,,0,0,0,1,623,2016-10-30 16:04:30
621,JAG,CR053,20799,,1:00,503500077,CX,98,0/98,0,0,,0,0,0,1,623,2016-10-30 16:04:30
622,JAG,CR053,20799,,1:00,503500071,CX,2,0/2,0,0,,0,0,0,1,623,2016-10-30 16:04:30
623,JAG,CR053,20799,,1:00,503500107,CX,9,0/9,0,0,,0,0,0,1,623,2016-10-30 16:04:30
624,JAG,CDJAC,20798,,19:00,563700001,CX,4,0/4,0,0,,0,0,0,1,625,2016-10-30 16:04:30
625,JAG,CDJAC,20798,,19:00,563700002,CX,22,0/22,0,0,,0,0,0,1,625,2016-10-30 16:04:30
626,JAG,CR056,20800,,3:00,503500073,CX,35,0/35,0,0,,0,0,0,1,631,2016-10-30 16:04:30
627,JAG,CR056,20800,,3:00,503500077,CX,21,0/21,0,0,,0,0,0,1,631,2016-10-30 16:04:30
628,JAG,CR056,20800,,3:00,503500079,CX,7,0/7,0,0,,0,0,0,1,631,2016-10-30 16:04:30
629,JAG,CR056,20800,,3:00,503500083,CX,63,0/63,0,0,,0,0,0,1,631,2016-10-30 16:04:30
630,JAG,CR056,20800,,3:00,503500071,CX,3,0/3,0,0,,0,0,0,1,631,2016-10-30 16:04:30
631,JAG,CR056,20800,,3:00,503500107,CX,7,0/7,0,0,,0,0,0,1,631,2016-10-30 16:04:30
632,JAG,JCBOB,20801,,9:00,503500073,CX,91,0/91,0,0,,0,0,0,1,634,2016-10-30 16:04:30
633,JAG,JCBOB,20801,,9:00,503500079,CX,42,0/42,0,0,,0,0,0,1,634,2016-10-30 16:04:30
634,JAG,JCBOB,20801,,9:00,503500071,CX,9,0/9,0,0,,0,0,0,1,634,2016-10-30 16:04:30
635,JAG,SBWAY,20802,,21:00,563700001,CX,6,0/6,0,0,,0,0,0,1,636,2016-10-30 16:04:30
636,JAG,SBWAY,20802,,21:00,563700002,CX,20,0/20,0,0,,0,0,0,1,636,2016-10-30 16:04:30
637,JAG,SBWRB,20803,,23:00,563700001,CX,6,0/6,0,0,,0,0,0,1,638,2016-10-30 16:04:30
638,JAG,SBWRB,20803,,23:00,563700002,CX,20,0/20,0,0,,0,0,0,1,638,2016-10-30 16:04:30
639,JAG,FFJDI,20804,,16:00,503500064,CX,112,0/112,0,0,,0,0,0,1,639,2016-10-30 16:04:30
640,JAG,FFJDI,20805,,11:00,503500064,CX,48,0/48,0,0,,0,0,0,1,643,2016-10-30 16:04:30
641,JAG,FFJDI,20805,,11:00,503500065,CX,12,0/12,0,0,,0,0,0,1,643,2016-10-30 16:04:30
642,JAG,FFJDI,20805,,11:00,503500028,CX,36,0/36,0,0,,0,0,0,1,643,2016-10-30 16:04:30
643,JAG,FFJDI,20805,,11:00,503500023,CX,16,0/16,0,0,,0,0,0,1,643,2016-10-30 16:04:30
644,JAG,FFJDI,20806,,4:00,503500063,CX,112,0/112,0,0,,0,0,0,1,644,2016-10-30 16:04:30
645,JAG,FFJDI,20807,,22:00,503500063,CX,8,0/8,0,0,,0,0,0,1,650,2016-10-30 16:04:30
646,JAG,FFJDI,20807,,22:00,503500064,CX,12,0/12,0,0,,0,0,0,1,650,2016-10-30 16:04:30
647,JAG,FFJDI,20807,,22:00,503500065,CX,16,0/16,0,0,,0,0,0,1,650,2016-10-30 16:04:30
648,JAG,FFJDI,20807,,22:00,503500066,CX,16,0/16,0,0,,0,0,0,1,650,2016-10-30 16:04:30
649,JAG,FFJDI,20807,,22:00,503500028,CX,44,0/44,0,0,,0,0,0,1,650,2016-10-30 16:04:30
650,JAG,FFJDI,20807,,22:00,503500023,CX,16,0/16,0,0,,0,0,0,1,650,2016-10-30 16:04:30
651,JAG,WALPR,20818,,5:00,503500138,CX,2,0/2,0,0,,0,0,0,1,657,2016-10-30 16:04:30
652,JAG,WALPR,20818,,5:00,503500141,CX,3,0/3,0,0,,0,0,0,1,657,2016-10-30 16:04:30
653,JAG,WALPR,20818,,5:00,503500142,CX,3,0/3,0,0,,0,0,0,1,657,2016-10-30 16:04:30
654,JAG,WALPR,20818,,5:00,503500136,CX,2,0/2,0,0,,0,0,0,1,657,2016-10-30 16:04:30
655,JAG,WALPR,20818,,5:00,503500140,CX,3,0/3,0,0,,0,0,0,1,657,2016-10-30 16:04:30
656,JAG,WALPR,20818,,5:00,503500137,CX,2,0/2,0,0,,0,0,0,1,657,2016-10-30 16:04:30
657,JAG,WALPR,20818,,5:00,503500139,CX,1,0/1,0,0,,0,0,0,1,657,2016-10-30 16:04:30
658,JAG,WALRS,20819,,7:00,503500138,CX,4,0/4,0,0,,0,0,0,1,664,2016-10-30 16:04:30
659,JAG,WALRS,20819,,7:00,503500141,CX,4,0/4,0,0,,0,0,0,1,664,2016-10-30 16:04:30
660,JAG,WALRS,20819,,7:00,503500142,CX,5,0/5,0,0,,0,0,0,1,664,2016-10-30 16:04:30
661,JAG,WALRS,20819,,7:00,503500136,CX,4,0/4,0,0,,0,0,0,1,664,2016-10-30 16:04:30
662,JAG,WALRS,20819,,7:00,503500140,CX,4,0/4,0,0,,0,0,0,1,664,2016-10-30 16:04:30
663,JAG,WALRS,20819,,7:00,503500137,CX,4,0/4,0,0,,0,0,0,1,664,2016-10-30 16:04:30
664,JAG,WALRS,20819,,7:00,503500139,CX,3,0/3,0,0,,0,0,0,1,664,2016-10-30 16:04:30
665,JAG,CDJAC,20822,,19:00,563700001,CX,4,0/4,0,0,,0,0,0,1,666,2016-10-30 16:04:30
666,JAG,CDJAC,20822,,19:00,563700002,CX,22,0/22,0,0,,0,0,0,1,666,2016-10-30 16:04:30
667,JAG,CR056,20823,,1:00,503500073,CX,35,0/35,0,0,,0,0,0,1,672,2016-10-30 16:04:30
668,JAG,CR056,20823,,1:00,503500077,CX,28,0/28,0,0,,0,0,0,1,672,2016-10-30 16:04:30
669,JAG,CR056,20823,,1:00,503500079,CX,14,0/14,0,0,,0,0,0,1,672,2016-10-30 16:04:30
670,JAG,CR056,20823,,1:00,503500083,CX,56,0/56,0,0,,0,0,0,1,672,2016-10-30 16:04:30
671,JAG,CR056,20823,,1:00,503500071,CX,3,0/3,0,0,,0,0,0,1,672,2016-10-30 16:04:30
672,JAG,CR056,20823,,1:00,503500107,CX,6,0/6,0,0,,0,0,0,1,672,2016-10-30 16:04:30
673,JAG,CR056,20824,,3:00,503500073,CX,21,0/21,0,0,,0,0,0,1,676,2016-10-30 16:04:30
674,JAG,CR056,20824,,3:00,503500077,CX,28,0/28,0,0,,0,0,0,1,676,2016-10-30 16:04:30
675,JAG,CR056,20824,,3:00,503500083,CX,133,0/133,0,0,,0,0,0,1,676,2016-10-30 16:04:30
676,JAG,CR056,20824,,3:00,503500107,CX,2,0/2,0,0,,0,0,0,1,676,2016-10-30 16:04:30
677,JAG,SBWAY,20825,,21:00,563700001,CX,6,0/6,0,0,,0,0,0,1,678,2016-10-30 16:04:30
678,JAG,SBWAY,20825,,21:00,563700002,CX,20,0/20,0,0,,0,0,0,1,678,2016-10-30 16:04:30
679,JAG,SBWRB,20826,,23:00,563700001,CX,8,0/8,0,0,,0,0,0,1,680,2016-10-30 16:04:30
680,JAG,SBWRB,20826,,23:00,563700002,CX,18,0/18,0,0,,0,0,0,1,680,2016-10-30 16:04:30
681,JAG,FFJDI,20827,,11:00,503500063,CX,40,0/40,0,0,,0,0,0,1,682,2016-10-30 16:04:30
682,JAG,FFJDI,20827,,11:00,503500064,CX,72,0/72,0,0,,0,0,0,1,682,2016-10-30 16:04:30
683,JAG,FFJDI,20828,,22:00,503500063,CX,28,0/28,0,0,,0,0,0,1,688,2016-10-30 16:04:30
684,JAG,FFJDI,20828,,22:00,503500064,CX,8,0/8,0,0,,0,0,0,1,688,2016-10-30 16:04:30
685,JAG,FFJDI,20828,,22:00,503500065,CX,16,0/16,0,0,,0,0,0,1,688,2016-10-30 16:04:30
686,JAG,FFJDI,20828,,22:00,503500066,CX,16,0/16,0,0,,0,0,0,1,688,2016-10-30 16:04:30
687,JAG,FFJDI,20828,,22:00,503500028,CX,28,0/28,0,0,,0,0,0,1,688,2016-10-30 16:04:30
688,JAG,FFJDI,20828,,22:00,503500023,CX,16,0/16,0,0,,0,0,0,1,688,2016-10-30 16:04:30
689,JAG,FFJDI,20829,,16:00,503500063,CX,24,0/24,0,0,,0,0,0,1,693,2016-10-30 16:04:30
690,JAG,FFJDI,20829,,16:00,503500064,CX,28,0/28,0,0,,0,0,0,1,693,2016-10-30 16:04:30
691,JAG,FFJDI,20829,,16:00,503500065,CX,16,0/16,0,0,,0,0,0,1,693,2016-10-30 16:04:30
692,JAG,FFJDI,20829,,16:00,503500028,CX,32,0/32,0,0,,0,0,0,1,693,2016-10-30 16:04:30
693,JAG,FFJDI,20829,,16:00,503500023,CX,12,0/12,0,0,,0,0,0,1,693,2016-10-30 16:04:30
694,JAG,FFJDI,20830,,4:00,503500063,CX,56,0/56,0,0,,0,0,0,1,695,2016-10-30 16:04:30
695,JAG,FFJDI,20830,,4:00,503500064,CX,56,0/56,0,0,,0,0,0,1,695,2016-10-30 16:04:30
696,JAG,CDGPA,20831,,0:00,503500183,CX,6,0/6,0,0,,0,0,0,1,696,2016-10-30 16:04:30
697,JAG,CR053,20843,,1:00,503500073,CX,21,0/21,0,0,,0,0,0,1,700,2016-10-30 16:04:30
698,JAG,CR053,20843,,1:00,503500077,CX,98,0/98,0,0,,0,0,0,1,700,2016-10-30 16:04:30
699,JAG,CR053,20843,,1:00,503500071,CX,2,0/2,0,0,,0,0,0,1,700,2016-10-30 16:04:30
700,JAG,CR053,20843,,1:00,503500107,CX,9,0/9,0,0,,0,0,0,1,700,2016-10-30 16:04:30
701,JAG,JCBOB,20844,,3:00,503500073,CX,21,0/21,0,0,,0,0,0,1,704,2016-10-30 16:04:30
702,JAG,JCBOB,20844,,3:00,503500077,CX,28,0/28,0,0,,0,0,0,1,704,2016-10-30 16:04:30
703,JAG,JCBOB,20844,,3:00,503500083,CX,133,0/133,0,0,,0,0,0,1,704,2016-10-30 16:04:30
704,JAG,JCBOB,20844,,3:00,503500107,CX,2,0/2,0,0,,0,0,0,1,704,2016-10-30 16:04:30
705,JAG,SBWAY,20847,,19:00,563700001,CX,3,0/3,0,0,,0,0,0,1,706,2016-10-30 16:04:30
706,JAG,SBWAY,20847,,19:00,563700002,CX,10,0/10,0,0,,0,0,0,1,706,2016-10-30 16:04:30
707,JAG,SBWAY,20848,,19:00,563700001,CX,3,0/3,0,0,,0,0,0,1,708,2016-10-30 16:04:30
708,JAG,SBWAY,20848,,19:00,563700002,CX,10,0/10,0,0,,0,0,0,1,708,2016-10-30 16:04:30
709,JAG,SBWNE,20849,,21:00,563700001,CX,8,0/8,0,0,,0,0,0,1,710,2016-10-30 16:04:30
710,JAG,SBWNE,20849,,21:00,563700002,CX,18,0/18,0,0,,0,0,0,1,710,2016-10-30 16:04:30
711,JAG,CDJAC,20842,,23:00,563700001,CX,4,0/4,0,0,,0,0,0,1,712,2016-10-30 16:04:30
712,JAG,CDJAC,20842,,23:00,563700002,CX,22,0/22,0,0,,0,0,0,1,712,2016-10-30 16:04:30
713,JAG,FFJDI,20850,,22:00,503500064,CX,20,0/20,0,0,,0,0,0,1,717,2016-10-30 16:04:30
714,JAG,FFJDI,20850,,22:00,503500065,CX,20,0/20,0,0,,0,0,0,1,717,2016-10-30 16:04:30
715,JAG,FFJDI,20850,,22:00,503500066,CX,16,0/16,0,0,,0,0,0,1,717,2016-10-30 16:04:30
716,JAG,FFJDI,20850,,22:00,503500028,CX,40,0/40,0,0,,0,0,0,1,717,2016-10-30 16:04:30
717,JAG,FFJDI,20850,,22:00,503500023,CX,16,0/16,0,0,,0,0,0,1,717,2016-10-30 16:04:30
718,JAG,CCONF,20841,,10:00,503500115,CX,8,0/8,0,0,,0,0,0,1,723,2016-10-30 16:04:30
719,JAG,CCONF,20841,,10:00,503500103,CX,1,0/1,0,0,,0,0,0,1,723,2016-10-30 16:04:30
720,JAG,CCONF,20841,,10:00,503500127,CX,2,0/2,0,0,,0,0,0,1,723,2016-10-30 16:04:30
721,JAG,CCONF,20841,,10:00,503500093,CX,1,0/1,0,0,,0,0,0,1,723,2016-10-30 16:04:30
722,JAG,CCONF,20841,,10:00,503500105,CX,4,0/4,0,0,,0,0,0,1,723,2016-10-30 16:04:30
723,JAG,CCONF,20841,,10:00,503500023,CX,4,0/4,0,0,,0,0,0,1,723,2016-10-30 16:04:30
724,JAG,FFJDI,20851,,4:00,503500063,CX,60,0/60,0,0,,0,0,0,1,725,2016-10-30 16:04:30
725,JAG,FFJDI,20851,,4:00,503500064,CX,52,0/52,0,0,,0,0,0,1,725,2016-10-30 16:04:30
726,JAG,FFJDI,20852,,16:00,503500063,CX,28,0/28,0,0,,0,0,0,1,730,2016-10-30 16:04:30
727,JAG,FFJDI,20852,,16:00,503500064,CX,32,0/32,0,0,,0,0,0,1,730,2016-10-30 16:04:30
728,JAG,FFJDI,20852,,16:00,503500065,CX,12,0/12,0,0,,0,0,0,1,730,2016-10-30 16:04:30
729,JAG,FFJDI,20852,,16:00,503500028,CX,28,0/28,0,0,,0,0,0,1,730,2016-10-30 16:04:30
730,JAG,FFJDI,20852,,16:00,503500023,CX,12,0/12,0,0,,0,0,0,1,730,2016-10-30 16:04:30
731,JAG,JDITA,20845,,17:00,503500115,CX,8,0/8,0,0,,0,0,0,1,733,2016-10-30 16:04:30
732,JAG,JDITA,20845,,17:00,503500101,CX,1,0/1,0,0,,0,0,0,1,733,2016-10-30 16:04:30
733,JAG,JDITA,20845,,17:00,503500093,CX,1,0/1,0,0,,0,0,0,1,733,2016-10-30 16:04:30
734,JAG,JDSTP,20846,,17:00,503500115,CX,12,0/12,0,0,,0,0,0,1,741,2016-10-30 16:04:30
735,JAG,JDSTP,20846,,17:00,503500099,CX,1,0/1,0,0,,0,0,0,1,741,2016-10-30 16:04:30
736,JAG,JDSTP,20846,,17:00,503500103,CX,1,0/1,0,0,,0,0,0,1,741,2016-10-30 16:04:30
737,JAG,JDSTP,20846,,17:00,503500113,CX,1,0/1,0,0,,0,0,0,1,741,2016-10-30 16:04:30
738,JAG,JDSTP,20846,,17:00,503500123,CX,1,0/1,0,0,,0,0,0,1,741,2016-10-30 16:04:30
739,JAG,JDSTP,20846,,17:00,503500101,CX,1,0/1,0,0,,0,0,0,1,741,2016-10-30 16:04:30
740,JAG,JDSTP,20846,,17:00,503500093,CX,1,0/1,0,0,,0,0,0,1,741,2016-10-30 16:04:30
741,JAG,JDSTP,20846,,17:00,503500105,CX,4,0/4,0,0,,0,0,0,1,741,2016-10-30 16:04:30
742,JAG,FFJDI,20853,,11:00,503500063,CX,48,0/48,0,0,,0,0,0,1,743,2016-10-30 16:04:30
743,JAG,FFJDI,20853,,11:00,503500064,CX,64,0/64,0,0,,0,0,0,1,743,2016-10-30 16:04:30
744,JAG,CDJAC,20868,,19:00,563700001,CX,6,0/6,0,0,,0,0,0,1,745,2016-10-30 16:04:30
745,JAG,CDJAC,20868,,19:00,563700002,CX,20,0/20,0,0,,0,0,0,1,745,2016-10-30 16:04:30
746,JAG,SBWAY,20874,,21:00,563700001,CX,3,0/3,0,0,,0,0,0,1,747,2016-10-30 16:04:30
747,JAG,SBWAY,20874,,21:00,563700002,CX,10,0/10,0,0,,0,0,0,1,747,2016-10-30 16:04:30
748,JAG,SBWAY,20875,,21:00,563700001,CX,3,0/3,0,0,,0,0,0,1,749,2016-10-30 16:04:30
749,JAG,SBWAY,20875,,21:00,563700002,CX,10,0/10,0,0,,0,0,0,1,749,2016-10-30 16:04:30
750,JAG,SBWNE,20876,,23:00,563700001,CX,5,0/5,0,0,,0,0,0,1,751,2016-10-30 16:04:30
751,JAG,SBWNE,20876,,23:00,563700002,CX,21,0/21,0,0,,0,0,0,1,751,2016-10-30 16:04:30
752,JAG,CR053,20869,,1:00,503500073,CX,21,0/21,0,0,,0,0,0,1,755,2016-10-30 16:04:30
753,JAG,CR053,20869,,1:00,503500077,CX,63,0/63,0,0,,0,0,0,1,755,2016-10-30 16:04:30
754,JAG,CR053,20869,,1:00,503500083,CX,98,0/98,0,0,,0,0,0,1,755,2016-10-30 16:04:30
755,JAG,CR053,20869,,1:00,503500071,CX,2,0/2,0,0,,0,0,0,1,755,2016-10-30 16:04:30
756,JAG,CR054,20870,,3:00,503500073,CX,28,0/28,0,0,,0,0,0,1,760,2016-10-30 16:04:30
757,JAG,CR054,20870,,3:00,503500079,CX,14,0/14,0,0,,0,0,0,1,760,2016-10-30 16:04:30
758,JAG,CR054,20870,,3:00,503500083,CX,84,0/84,0,0,,0,0,0,1,760,2016-10-30 16:04:30
759,JAG,CR054,20870,,3:00,503500071,CX,4,0/4,0,0,,0,0,0,1,760,2016-10-30 16:04:30
760,JAG,CR054,20870,,3:00,503500107,CX,6,0/6,0,0,,0,0,0,1,760,2016-10-30 16:04:30
761,JAG,JCBOB,20871,,9:00,503500073,CX,28,0/28,0,0,,0,0,0,1,765,2016-10-30 16:04:30
762,JAG,JCBOB,20871,,9:00,503500077,CX,35,0/35,0,0,,0,0,0,1,765,2016-10-30 16:04:30
763,JAG,JCBOB,20871,,9:00,503500083,CX,70,0/70,0,0,,0,0,0,1,765,2016-10-30 16:04:30
764,JAG,JCBOB,20871,,9:00,503500071,CX,3,0/3,0,0,,0,0,0,1,765,2016-10-30 16:04:30
765,JAG,JCBOB,20871,,9:00,503500107,CX,6,0/6,0,0,,0,0,0,1,765,2016-10-30 16:04:30
766,JAG,JCBOB,20872,,9:00,503500077,CX,84,0/84,0,0,,0,0,0,1,769,2016-10-30 16:04:30
767,JAG,JCBOB,20872,,9:00,503500083,CX,49,0/49,0,0,,0,0,0,1,769,2016-10-30 16:04:30
768,JAG,JCBOB,20872,,9:00,503500071,CX,3,0/3,0,0,,0,0,0,1,769,2016-10-30 16:04:30
769,JAG,JCBOB,20872,,9:00,503500107,CX,6,0/6,0,0,,0,0,0,1,769,2016-10-30 16:04:30
770,JAG,FFJDI,20877,,4:00,503500063,CX,44,0/44,0,0,,0,0,0,1,771,2016-10-30 16:04:30
771,JAG,FFJDI,20877,,4:00,503500064,CX,68,0/68,0,0,,0,0,0,1,771,2016-10-30 16:04:30
772,JAG,FFJDI,20878,,22:00,503500063,CX,52,0/52,0,0,,0,0,0,1,774,2016-10-30 16:04:30
773,JAG,FFJDI,20878,,22:00,503500064,CX,44,0/44,0,0,,0,0,0,1,774,2016-10-30 16:04:30
774,JAG,FFJDI,20878,,22:00,503500065,CX,16,0/16,0,0,,0,0,0,1,774,2016-10-30 16:04:30
775,JAG,FFJDI,20879,,16:00,503500064,CX,72,0/72,0,0,,0,0,0,1,777,2016-10-30 16:04:30
776,JAG,FFJDI,20879,,16:00,503500028,CX,20,0/20,0,0,,0,0,0,1,777,2016-10-30 16:04:30
777,JAG,FFJDI,20879,,16:00,503500023,CX,20,0/20,0,0,,0,0,0,1,777,2016-10-30 16:04:30
778,JAG,FFJDI,20880,,11:00,503500063,CX,40,0/40,0,0,,0,0,0,1,779,2016-10-30 16:04:30
779,JAG,FFJDI,20880,,11:00,503500064,CX,72,0/72,0,0,,0,0,0,1,779,2016-10-30 16:04:30
780,JAG,PREZUNIC,20873,,22:00,503500143,CX,2,0/2,0,0,,0,0,0,1,785,2016-10-30 16:04:30
781,JAG,PREZUNIC,20873,,22:00,503500146,CX,3,0/3,0,0,,0,0,0,1,785,2016-10-30 16:04:30
782,JAG,PREZUNIC,20873,,22:00,503500149,CX,9,0/9,0,0,,0,0,0,1,785,2016-10-30 16:04:30
783,JAG,PREZUNIC,20873,,22:00,503500147,CX,4,0/4,0,0,,0,0,0,1,785,2016-10-30 16:04:30
784,JAG,PREZUNIC,20873,,22:00,503500145,CX,6,0/6,0,0,,0,0,0,1,785,2016-10-30 16:04:30
785,JAG,PREZUNIC,20873,,22:00,503500148,CX,4,0/4,0,0,,0,0,0,1,785,2016-10-30 16:04:30
786,JAG,CDJAC,20891,,19:00,563700001,CX,3,0/3,0,0,,0,0,0,1,787,2016-10-30 16:04:30
787,JAG,CDJAC,20891,,19:00,563700002,CX,23,0/23,0,0,,0,0,0,1,787,2016-10-30 16:04:30
788,JAG,SBWAY,20895,,21:00,563700001,CX,6,0/6,0,0,,0,0,0,1,789,2016-10-30 16:04:30
789,JAG,SBWAY,20895,,21:00,563700002,CX,20,0/20,0,0,,0,0,0,1,789,2016-10-30 16:04:30
790,JAG,SBWNE,20896,,23:00,563700001,CX,7,0/7,0,0,,0,0,0,1,791,2016-10-30 16:04:30
791,JAG,SBWNE,20896,,23:00,563700002,CX,19,0/19,0,0,,0,0,0,1,791,2016-10-30 16:04:30
792,JAG,JCBOB,20893,,1:00,503500083,CX,196,0/196,0,0,,0,0,0,1,792,2016-10-30 16:04:30
793,JAG,CR056,20892,,3:00,503500107,CX,28,0/28,0,0,,0,0,0,1,793,2016-10-30 16:04:30
794,JAG,FFJDI,20897,,4:00,503500063,CX,44,0/44,0,0,,0,0,0,1,795,2016-10-30 16:04:30
795,JAG,FFJDI,20897,,4:00,503500064,CX,68,0/68,0,0,,0,0,0,1,795,2016-10-30 16:04:30
796,JAG,FFJDI,20898,,11:00,503500063,CX,56,0/56,0,0,,0,0,0,1,797,2016-10-30 16:04:30
797,JAG,FFJDI,20898,,11:00,503500064,CX,56,0/56,0,0,,0,0,0,1,797,2016-10-30 16:04:30
798,JAG,FFJDI,20899,,16:00,503500064,CX,32,0/32,0,0,,0,0,0,1,801,2016-10-30 16:04:30
799,JAG,FFJDI,20899,,16:00,503500065,CX,20,0/20,0,0,,0,0,0,1,801,2016-10-30 16:04:30
800,JAG,FFJDI,20899,,16:00,503500028,CX,40,0/40,0,0,,0,0,0,1,801,2016-10-30 16:04:30
801,JAG,FFJDI,20899,,16:00,503500023,CX,20,0/20,0,0,,0,0,0,1,801,2016-10-30 16:04:30
802,JAG,JDSTP,20894,,17:00,503500115,CX,16,0/16,0,0,,0,0,0,1,805,2016-10-30 16:04:30
803,JAG,JDSTP,20894,,17:00,503500125,CX,8,0/8,0,0,,0,0,0,1,805,2016-10-30 16:04:30
804,JAG,JDSTP,20894,,17:00,503500093,CX,1,0/1,0,0,,0,0,0,1,805,2016-10-30 16:04:30
805,JAG,JDSTP,20894,,17:00,503500105,CX,8,0/8,0,0,,0,0,0,1,805,2016-10-30 16:04:30
806,JAG,FFJDI,20900,,22:00,503500064,CX,20,0/20,0,0,,0,0,0,1,810,2016-10-30 16:04:30
807,JAG,FFJDI,20900,,22:00,503500065,CX,20,0/20,0,0,,0,0,0,1,810,2016-10-30 16:04:30
808,JAG,FFJDI,20900,,22:00,503500066,CX,12,0/12,0,0,,0,0,0,1,810,2016-10-30 16:04:30
809,JAG,FFJDI,20900,,22:00,503500028,CX,40,0/40,0,0,,0,0,0,1,810,2016-10-30 16:04:30
810,JAG,FFJDI,20900,,22:00,503500023,CX,20,0/20,0,0,,0,0,0,1,810,2016-10-30 16:04:30
811,JAG,CDJAC,20915,,21:00,563700001,CX,5,0/5,0,0,,0,0,0,1,812,2016-10-30 16:04:30
812,JAG,CDJAC,20915,,21:00,563700002,CX,21,0/21,0,0,,0,0,0,1,812,2016-10-30 16:04:30
813,JAG,SBWNE,20920,,23:00,563700001,CX,6,0/6,0,0,,0,0,0,1,814,2016-10-30 16:04:30
814,JAG,SBWNE,20920,,23:00,563700002,CX,20,0/20,0,0,,0,0,0,1,814,2016-10-30 16:04:30
815,JAG,CDJAC,20914,,19:00,563700001,CX,3,0/3,0,0,,0,0,0,1,816,2016-10-30 16:04:30
816,JAG,CDJAC,20914,,19:00,563700002,CX,23,0/23,0,0,,0,0,0,1,816,2016-10-30 16:04:30
817,JAG,JCBOB,20918,,1:00,503500107,CX,28,0/28,0,0,,0,0,0,1,817,2016-10-30 16:04:30
818,JAG,JCBOB,20919,,3:00,503500107,CX,28,0/28,0,0,,0,0,0,1,818,2016-10-30 16:04:30
819,JAG,FFJDI,20916,,4:00,503500063,CX,20,0/20,0,0,,0,0,0,1,824,2016-10-30 16:04:30
820,JAG,FFJDI,20916,,4:00,503500064,CX,20,0/20,0,0,,0,0,0,1,824,2016-10-30 16:04:30
821,JAG,FFJDI,20916,,4:00,503500065,CX,16,0/16,0,0,,0,0,0,1,824,2016-10-30 16:04:30
822,JAG,FFJDI,20916,,4:00,503500066,CX,12,0/12,0,0,,0,0,0,1,824,2016-10-30 16:04:30
823,JAG,FFJDI,20916,,4:00,503500028,CX,20,0/20,0,0,,0,0,0,1,824,2016-10-30 16:04:30
824,JAG,FFJDI,20916,,4:00,503500023,CX,24,0/24,0,0,,0,0,0,1,824,2016-10-30 16:04:30
825,JAG,JCBOB,20917,,9:00,503500083,CX,196,0/196,0,0,,0,0,0,1,825,2016-10-30 16:04:30
826,JAG,FFJDI,20921,,11:00:00,503500063,CX,20,0/20,20,0,,0,0,0,1,829,2016-10-30 16:04:30
827,JAG,FFJDI,20921,,11:00:00,503500064,CX,48,0/48,10,0,,0,0,0,1,829,2016-10-30 16:04:30
828,JAG,FFJDI,20921,,11:00,503500065,CX,24,0/24,0,0,,0,0,0,1,829,2016-10-30 16:04:30
829,JAG,FFJDI,20921,,11:00,503500028,CX,20,0/20,0,0,,0,0,0,1,829,2016-10-30 16:04:30
